{"last_node_id":767,"last_link_id":1124,"nodes":[{"id":742,"type":"BasicGuider","pos":[420,1640],"size":[210,46],"flags":{},"order":20,"mode":0,"inputs":[{"name":"model","type":"MODEL","link":1056,"slot_index":0},{"name":"conditioning","type":"CONDITIONING","link":1087,"slot_index":1}],"outputs":[{"name":"GUIDER","type":"GUIDER","links":[1057],"slot_index":0,"shape":3}],"properties":{"Node name for S&R":"BasicGuider"},"widgets_values":[],"color":"#2a363b","bgcolor":"#3f5159","shape":1},{"id":741,"type":"ModelSamplingFlux","pos":[420,1470],"size":[210,130],"flags":{},"order":12,"mode":0,"inputs":[{"name":"model","type":"MODEL","link":1060,"slot_index":0}],"outputs":[{"name":"MODEL","type":"MODEL","links":[1056],"slot_index":0,"shape":3}],"properties":{"Node name for S&R":"ModelSamplingFlux"},"widgets_values":[1.15,0.5,1024,1024],"color":"#2a363b","bgcolor":"#3f5159","shape":1},{"id":744,"type":"VAEDecode","pos":[640,1640],"size":[240,46],"flags":{},"order":30,"mode":0,"inputs":[{"name":"samples","type":"LATENT","link":1058},{"name":"vae","type":"VAE","link":1066}],"outputs":[{"name":"IMAGE","type":"IMAGE","links":[1061],"slot_index":0}],"properties":{"Node name for S&R":"VAEDecode"},"widgets_values":[],"color":"#2a363b","bgcolor":"#3f5159","shape":1},{"id":743,"type":"SamplerCustomAdvanced","pos":[640,1470],"size":[240,130],"flags":{},"order":25,"mode":0,"inputs":[{"name":"noise","type":"NOISE","link":1114,"slot_index":0},{"name":"guider","type":"GUIDER","link":1057,"slot_index":1},{"name":"sampler","type":"SAMPLER","link":1063,"slot_index":2},{"name":"sigmas","type":"SIGMAS","link":1064,"slot_index":3},{"name":"latent_image","type":"LATENT","link":1065,"slot_index":4}],"outputs":[{"name":"output","type":"LATENT","links":[1058],"slot_index":0,"shape":3},{"name":"denoised_output","type":"LATENT","links":null,"shape":3}],"properties":{"Node name for S&R":"SamplerCustomAdvanced"},"widgets_values":[],"color":"#2a363b","bgcolor":"#3f5159","shape":1},{"id":699,"type":"SaveImage","pos":[890,1470],"size":[455.6142272949219,377.417236328125],"flags":{},"order":35,"mode":0,"inputs":[{"name":"images","type":"IMAGE","link":1061},{"name":"filename_prefix","type":"STRING","link":1120,"widget":{"name":"filename_prefix"}}],"outputs":[],"title":"LoRA - 1","properties":{"Node name for S&R":"SaveImage"},"widgets_values":["ComfyUI"],"shape":1},{"id":747,"type":"ModelSamplingFlux","pos":[1790,1470],"size":[210,130],"flags":{},"order":14,"mode":0,"inputs":[{"name":"model","type":"MODEL","link":1067,"slot_index":0}],"outputs":[{"name":"MODEL","type":"MODEL","links":[],"slot_index":0,"shape":3}],"properties":{"Node name for S&R":"ModelSamplingFlux"},"widgets_values":[1.15,0.5,1024,1024],"color":"#2a363b","bgcolor":"#3f5159","shape":1},{"id":748,"type":"BasicGuider","pos":[1790,1640],"size":[210,46],"flags":{},"order":15,"mode":0,"inputs":[{"name":"model","type":"MODEL","link":1068,"slot_index":0},{"name":"conditioning","type":"CONDITIONING","link":1070,"slot_index":1}],"outputs":[{"name":"GUIDER","type":"GUIDER","links":[1069],"slot_index":0,"shape":3}],"properties":{"Node name for S&R":"BasicGuider"},"color":"#2a363b","bgcolor":"#3f5159","shape":1},{"id":749,"type":"SamplerCustomAdvanced","pos":[2010,1470],"size":[240,130],"flags":{},"order":22,"mode":0,"inputs":[{"name":"noise","type":"NOISE","link":1074,"slot_index":0},{"name":"guider","type":"GUIDER","link":1069,"slot_index":1},{"name":"sampler","type":"SAMPLER","link":1075,"slot_index":2},{"name":"sigmas","type":"SIGMAS","link":1072,"slot_index":3},{"name":"latent_image","type":"LATENT","link":1073,"slot_index":4}],"outputs":[{"name":"output","type":"LATENT","links":[1076],"slot_index":0,"shape":3},{"name":"denoised_output","type":"LATENT","links":null,"shape":3}],"properties":{"Node name for S&R":"SamplerCustomAdvanced"},"color":"#2a363b","bgcolor":"#3f5159","shape":1},{"id":750,"type":"VAEDecode","pos":[2010,1640],"size":[240,46],"flags":{},"order":27,"mode":0,"inputs":[{"name":"samples","type":"LATENT","link":1076},{"name":"vae","type":"VAE","link":1077}],"outputs":[{"name":"IMAGE","type":"IMAGE","links":[1078],"slot_index":0}],"properties":{"Node name for S&R":"VAEDecode"},"color":"#2a363b","bgcolor":"#3f5159","shape":1},{"id":746,"type":"SaveImage","pos":[2260,1470],"size":[455.6142272949219,377.417236328125],"flags":{},"order":32,"mode":0,"inputs":[{"name":"images","type":"IMAGE","link":1078},{"name":"filename_prefix","type":"STRING","link":1121,"widget":{"name":"filename_prefix"}}],"outputs":[],"title":"LoRA - 2","properties":{"Node name for S&R":"SaveImage"},"widgets_values":["ComfyUI"],"shape":1},{"id":753,"type":"ModelSamplingFlux","pos":[420,1940],"size":[210,130],"flags":{},"order":16,"mode":0,"inputs":[{"name":"model","type":"MODEL","link":1097,"slot_index":0}],"outputs":[{"name":"MODEL","type":"MODEL","links":[],"slot_index":0,"shape":3}],"properties":{"Node name for S&R":"ModelSamplingFlux"},"widgets_values":[1.15,0.5,1024,1024],"color":"#2a363b","bgcolor":"#3f5159","shape":1},{"id":759,"type":"ModelSamplingFlux","pos":[1790,1940],"size":[210,130],"flags":{},"order":18,"mode":0,"inputs":[{"name":"model","type":"MODEL","link":1098,"slot_index":0}],"outputs":[{"name":"MODEL","type":"MODEL","links":[],"slot_index":0,"shape":3}],"properties":{"Node name for S&R":"ModelSamplingFlux"},"widgets_values":[1.15,0.5,1024,1024],"color":"#2a363b","bgcolor":"#3f5159","shape":1},{"id":752,"type":"SaveImage","pos":[890,1940],"size":[455.6142272949219,377.417236328125],"flags":{},"order":33,"mode":0,"inputs":[{"name":"images","type":"IMAGE","link":1100},{"name":"filename_prefix","type":"STRING","link":1122,"widget":{"name":"filename_prefix"}}],"outputs":[],"title":"LoRA - 3","properties":{"Node name for S&R":"SaveImage"},"widgets_values":["ComfyUI"],"shape":1},{"id":758,"type":"SaveImage","pos":[2260,1940],"size":[455.6142272949219,377.417236328125],"flags":{},"order":34,"mode":0,"inputs":[{"name":"images","type":"IMAGE","link":1099},{"name":"filename_prefix","type":"STRING","link":1123,"widget":{"name":"filename_prefix"}}],"outputs":[],"title":"LoRA - 4","properties":{"Node name for S&R":"SaveImage"},"widgets_values":["ComfyUI"],"shape":1},{"id":762,"type":"VAEDecode","pos":[2010,2110],"size":[240,46],"flags":{},"order":29,"mode":0,"inputs":[{"name":"samples","type":"LATENT","link":1102},{"name":"vae","type":"VAE","link":1086}],"outputs":[{"name":"IMAGE","type":"IMAGE","links":[1099],"slot_index":0}],"properties":{"Node name for S&R":"VAEDecode"},"color":"#2a363b","bgcolor":"#3f5159","shape":1},{"id":756,"type":"VAEDecode","pos":[640,2110],"size":[240,46],"flags":{},"order":28,"mode":0,"inputs":[{"name":"samples","type":"LATENT","link":1101},{"name":"vae","type":"VAE","link":1085}],"outputs":[{"name":"IMAGE","type":"IMAGE","links":[1100],"slot_index":0}],"properties":{"Node name for S&R":"VAEDecode"},"color":"#2a363b","bgcolor":"#3f5159","shape":1},{"id":755,"type":"SamplerCustomAdvanced","pos":[640,1940],"size":[240,130],"flags":{},"order":23,"mode":0,"inputs":[{"name":"noise","type":"NOISE","link":1091,"slot_index":0},{"name":"guider","type":"GUIDER","link":1104,"slot_index":1},{"name":"sampler","type":"SAMPLER","link":1105,"slot_index":2},{"name":"sigmas","type":"SIGMAS","link":1095,"slot_index":3},{"name":"latent_image","type":"LATENT","link":1093,"slot_index":4}],"outputs":[{"name":"output","type":"LATENT","links":[1101],"slot_index":0,"shape":3},{"name":"denoised_output","type":"LATENT","links":null,"shape":3}],"properties":{"Node name for S&R":"SamplerCustomAdvanced"},"color":"#2a363b","bgcolor":"#3f5159","shape":1},{"id":761,"type":"SamplerCustomAdvanced","pos":[2010,1940],"size":[240,130],"flags":{},"order":24,"mode":0,"inputs":[{"name":"noise","type":"NOISE","link":1092,"slot_index":0},{"name":"guider","type":"GUIDER","link":1103,"slot_index":1},{"name":"sampler","type":"SAMPLER","link":1106,"slot_index":2},{"name":"sigmas","type":"SIGMAS","link":1096,"slot_index":3},{"name":"latent_image","type":"LATENT","link":1094,"slot_index":4}],"outputs":[{"name":"output","type":"LATENT","links":[1102],"slot_index":0,"shape":3},{"name":"denoised_output","type":"LATENT","links":null,"shape":3}],"properties":{"Node name for S&R":"SamplerCustomAdvanced"},"color":"#2a363b","bgcolor":"#3f5159","shape":1},{"id":760,"type":"BasicGuider","pos":[1790,2110],"size":[210,46],"flags":{},"order":19,"mode":0,"inputs":[{"name":"model","type":"MODEL","link":1108,"slot_index":0},{"name":"conditioning","type":"CONDITIONING","link":1089,"slot_index":1}],"outputs":[{"name":"GUIDER","type":"GUIDER","links":[1103],"slot_index":0,"shape":3}],"properties":{"Node name for S&R":"BasicGuider"},"color":"#2a363b","bgcolor":"#3f5159","shape":1},{"id":754,"type":"BasicGuider","pos":[420,2110],"size":[210,46],"flags":{},"order":17,"mode":0,"inputs":[{"name":"model","type":"MODEL","link":1107,"slot_index":0},{"name":"conditioning","type":"CONDITIONING","link":1088,"slot_index":1}],"outputs":[{"name":"GUIDER","type":"GUIDER","links":[1104],"slot_index":0,"shape":3}],"properties":{"Node name for S&R":"BasicGuider"},"color":"#2a363b","bgcolor":"#3f5159","shape":1},{"id":734,"type":"VAELoader","pos":[10,1320],"size":[400,58],"flags":{},"order":0,"mode":0,"inputs":[],"outputs":[{"name":"VAE","type":"VAE","links":[1045,1066,1077,1085,1086],"slot_index":0,"shape":3}],"properties":{"Node name for S&R":"VAELoader"},"widgets_values":["ae.safetensors"],"color":"#223","bgcolor":"#335","shape":1},{"id":515,"type":"DualCLIPLoaderGGUF","pos":[10,1170],"size":[400,110],"flags":{"collapsed":false},"order":1,"mode":0,"inputs":[],"outputs":[{"name":"CLIP","type":"CLIP","links":[808,820,1071,1083,1084],"slot_index":0,"shape":3}],"title":"Clip","properties":{"Node name for S&R":"DualCLIPLoaderGGUF"},"widgets_values":["ViT-L-14-TEXT-detail-improved-hiT-GmP-TE-only-HF.safetensors","t5-v1_1-xxl-encoder-Q8_0.gguf","flux"],"color":"#223","bgcolor":"#335","shape":1},{"id":514,"type":"UnetLoaderGGUF","pos":[10,1070],"size":[400,60],"flags":{"collapsed":false},"order":2,"mode":0,"inputs":[],"outputs":[{"name":"MODEL","type":"MODEL","links":[814,1046,1080,1081,1082,1090],"slot_index":0,"shape":3}],"title":"Model","properties":{"Node name for S&R":"UnetLoaderGGUF"},"widgets_values":["flux1-dev-Q8_0.gguf"],"color":"#223","bgcolor":"#335","shape":1},{"id":735,"type":"KSamplerSelect","pos":[910,1300],"size":[430,58],"flags":{"collapsed":false},"order":3,"mode":0,"inputs":[],"outputs":[{"name":"SAMPLER","type":"SAMPLER","links":[1043,1063,1075,1105,1106],"slot_index":0,"shape":3}],"properties":{"Node name for S&R":"KSamplerSelect"},"widgets_values":["euler"],"color":"#432","bgcolor":"#653","shape":1},{"id":726,"type":"workflow>Settings","pos":[910,1090],"size":[430,170],"flags":{},"order":11,"mode":0,"inputs":[{"name":"model","type":"MODEL","link":1090}],"outputs":[{"name":"NOISE","type":"NOISE","links":[1048,1074,1091,1092,1114],"slot_index":0},{"name":"LATENT","type":"LATENT","links":[1050,1065,1073,1093,1094],"slot_index":1},{"name":"SIGMAS","type":"SIGMAS","links":[1049,1064,1072,1095,1096],"slot_index":2}],"properties":{"Node name for S&R":"workflow>Settings"},"widgets_values":[561425272786091,"randomize",1024,1024,1,"simple",20,1],"color":"#432","bgcolor":"#653","shape":1},{"id":689,"type":"workflow>positive prompt guidance","pos":[450,1090],"size":[450,270],"flags":{"collapsed":false},"order":5,"mode":0,"inputs":[{"name":"clip","type":"CLIP","link":808}],"outputs":[{"name":"CONDITIONING","type":"CONDITIONING","links":[1047,1070,1087,1088,1089],"slot_index":0,"shape":3}],"title":"Prompt","properties":{"Node name for S&R":"workflow/positive prompt guidance"},"widgets_values":["A painting of a woman in a white dress standing in front of a mural, holding a paintbrush. The mural is of a sky with clouds and flowers. There is a contrast between the cheerful colors of the painting and the very urban and cold room. The woman is wearing a white dress and has a ponytail. The painting is in the style of umesky.",3.5],"color":"#232","bgcolor":"#353","shape":1},{"id":736,"type":"ModelSamplingFlux","pos":[1900,1070],"size":[210,130],"flags":{},"order":7,"mode":0,"inputs":[{"name":"model","type":"MODEL","link":1046,"slot_index":0}],"outputs":[{"name":"MODEL","type":"MODEL","links":[1041],"slot_index":0,"shape":3}],"properties":{"Node name for S&R":"ModelSamplingFlux"},"widgets_values":[1.15,0.5,1024,1024],"color":"#2a363b","bgcolor":"#3f5159","shape":1},{"id":674,"type":"SaveImage","pos":[2370,1070],"size":[350,310],"flags":{"collapsed":false},"order":31,"mode":0,"inputs":[{"name":"images","type":"IMAGE","link":1055},{"name":"filename_prefix","type":"STRING","link":1124,"widget":{"name":"filename_prefix"}}],"outputs":[],"title":"Base Image","properties":{"Node name for S&R":"SaveImage"},"widgets_values":["ComfyUI"],"shape":1},{"id":738,"type":"SamplerCustomAdvanced","pos":[2120,1070],"size":[240,130],"flags":{},"order":21,"mode":0,"inputs":[{"name":"noise","type":"NOISE","link":1048,"slot_index":0},{"name":"guider","type":"GUIDER","link":1042,"slot_index":1},{"name":"sampler","type":"SAMPLER","link":1043,"slot_index":2},{"name":"sigmas","type":"SIGMAS","link":1049,"slot_index":3},{"name":"latent_image","type":"LATENT","link":1050,"slot_index":4}],"outputs":[{"name":"output","type":"LATENT","links":[1044],"slot_index":0,"shape":3},{"name":"denoised_output","type":"LATENT","links":null,"shape":3}],"properties":{"Node name for S&R":"SamplerCustomAdvanced"},"widgets_values":[],"color":"#2a363b","bgcolor":"#3f5159","shape":1},{"id":737,"type":"BasicGuider","pos":[2120,1240],"size":[240,50],"flags":{},"order":13,"mode":0,"inputs":[{"name":"model","type":"MODEL","link":1041,"slot_index":0},{"name":"conditioning","type":"CONDITIONING","link":1047,"slot_index":1}],"outputs":[{"name":"GUIDER","type":"GUIDER","links":[1042],"slot_index":0,"shape":3}],"properties":{"Node name for S&R":"BasicGuider"},"widgets_values":[],"color":"#2a363b","bgcolor":"#3f5159","shape":1},{"id":739,"type":"VAEDecode","pos":[1900,1240],"size":[210,50],"flags":{},"order":26,"mode":0,"inputs":[{"name":"samples","type":"LATENT","link":1044},{"name":"vae","type":"VAE","link":1045}],"outputs":[{"name":"IMAGE","type":"IMAGE","links":[1055],"slot_index":0}],"properties":{"Node name for S&R":"VAEDecode"},"widgets_values":[],"color":"#2a363b","bgcolor":"#3f5159","shape":1},{"id":687,"type":"Power Lora Loader (rgthree)","pos":[10,1470],"size":[400,380],"flags":{},"order":6,"mode":0,"inputs":[{"name":"model","type":"MODEL","link":814,"dir":3},{"name":"clip","type":"CLIP","link":820,"dir":3}],"outputs":[{"name":"MODEL","type":"MODEL","links":[1060],"slot_index":0,"shape":3,"dir":4},{"name":"CLIP","type":"CLIP","links":[],"shape":3,"dir":4}],"title":"LoRA - 1","properties":{"Show Strengths":"Single Strength"},"widgets_values":[null,{"type":"PowerLoraLoaderHeaderWidget"},{"on":false,"lora":"ume_modern_pixelart.safetensors","strength":0.3,"strengthTwo":null},{"on":true,"lora":"ume_sky_v2.safetensors","strength":0.25,"strengthTwo":null},{"on":false,"lora":"ume_classic_Romanticism.safetensors","strength":1,"strengthTwo":null},{"on":false,"lora":"ume_classic_impressionist.safetensors","strength":1,"strengthTwo":null},{"on":false,"lora":"ume_knight.safetensors","strength":1,"strengthTwo":null},{"on":false,"lora":"ume_the-little-newspaper.safetensors","strength":1,"strengthTwo":null},null,""],"color":"#323","bgcolor":"#535","shape":1},{"id":751,"type":"Power Lora Loader (rgthree)","pos":[10,1940],"size":[400,380],"flags":{},"order":9,"mode":0,"inputs":[{"name":"model","type":"MODEL","link":1081,"dir":3},{"name":"clip","type":"CLIP","link":1083,"dir":3}],"outputs":[{"name":"MODEL","type":"MODEL","links":[1097,1107],"slot_index":0,"shape":3,"dir":4},{"name":"CLIP","type":"CLIP","links":[],"shape":3,"dir":4}],"title":"LoRA - 3","properties":{"Show Strengths":"Single Strength"},"widgets_values":[null,{"type":"PowerLoraLoaderHeaderWidget"},{"on":false,"lora":"ume_modern_pixelart.safetensors","strength":0.3,"strengthTwo":null},{"on":true,"lora":"ume_sky_v2.safetensors","strength":0.75,"strengthTwo":null},{"on":false,"lora":"ume_classic_Romanticism.safetensors","strength":1,"strengthTwo":null},{"on":false,"lora":"ume_classic_impressionist.safetensors","strength":1,"strengthTwo":null},{"on":false,"lora":"ume_knight.safetensors","strength":1,"strengthTwo":null},{"on":false,"lora":"ume_the-little-newspaper.safetensors","strength":1,"strengthTwo":null},null,""],"color":"#323","bgcolor":"#535","shape":1},{"id":745,"type":"Power Lora Loader (rgthree)","pos":[1380,1470],"size":[400,380],"flags":{},"order":8,"mode":0,"inputs":[{"name":"model","type":"MODEL","link":1080,"dir":3},{"name":"clip","type":"CLIP","link":1071,"dir":3}],"outputs":[{"name":"MODEL","type":"MODEL","links":[1067,1068],"slot_index":0,"shape":3,"dir":4},{"name":"CLIP","type":"CLIP","links":[],"shape":3,"dir":4,"slot_index":1}],"title":"LoRA - 2","properties":{"Show Strengths":"Single Strength"},"widgets_values":[null,{"type":"PowerLoraLoaderHeaderWidget"},{"on":false,"lora":"ume_modern_pixelart.safetensors","strength":0.3,"strengthTwo":null},{"on":true,"lora":"ume_sky_v2.safetensors","strength":0.5,"strengthTwo":null},{"on":false,"lora":"ume_classic_Romanticism.safetensors","strength":1,"strengthTwo":null},{"on":false,"lora":"ume_classic_impressionist.safetensors","strength":1,"strengthTwo":null},{"on":false,"lora":"ume_knight.safetensors","strength":1,"strengthTwo":null},{"on":false,"lora":"ume_the-little-newspaper.safetensors","strength":1,"strengthTwo":null},null,""],"color":"#323","bgcolor":"#535","shape":1},{"id":757,"type":"Power Lora Loader (rgthree)","pos":[1380,1940],"size":[400,380],"flags":{},"order":10,"mode":0,"inputs":[{"name":"model","type":"MODEL","link":1082,"dir":3},{"name":"clip","type":"CLIP","link":1084,"dir":3}],"outputs":[{"name":"MODEL","type":"MODEL","links":[1098,1108],"slot_index":0,"shape":3,"dir":4},{"name":"CLIP","type":"CLIP","links":[],"shape":3,"dir":4,"slot_index":1}],"title":"LoRA - 4","properties":{"Show Strengths":"Single Strength"},"widgets_values":[null,{"type":"PowerLoraLoaderHeaderWidget"},{"on":false,"lora":"ume_modern_pixelart.safetensors","strength":0.3,"strengthTwo":null},{"on":true,"lora":"ume_sky_v2.safetensors","strength":1,"strengthTwo":null},{"on":false,"lora":"ume_classic_Romanticism.safetensors","strength":1,"strengthTwo":null},{"on":false,"lora":"ume_classic_impressionist.safetensors","strength":1,"strengthTwo":null},{"on":false,"lora":"ume_knight.safetensors","strength":1,"strengthTwo":null},{"on":false,"lora":"ume_the-little-newspaper.safetensors","strength":1,"strengthTwo":null},null,""],"color":"#323","bgcolor":"#535","shape":1},{"id":727,"type":"workflow>File name","pos":[1390,1090],"size":[470,270],"flags":{},"order":4,"mode":0,"inputs":[],"outputs":[{"name":"STRING","type":"STRING","links":[1120]},{"name":"Name STRING","type":"STRING","links":[1121]},{"name":"Name 2 STRING","type":"STRING","links":[1122]},{"name":"Name 3 STRING","type":"STRING","links":[1123]},{"name":"Name 4 STRING","type":"STRING","links":[1124]}],"properties":{"Node name for S&R":"workflow>File name"},"widgets_values":["./LoRA_Test/%Y-%m-%d/Flux_1_","./LoRA_Test/%Y-%m-%d/Flux_2_","./LoRA_Test/%Y-%m-%d/Flux_3_","./LoRA_Test/%Y-%m-%d/Flux_4_","./LoRA_Test/%Y-%m-%d/Flux_0_"],"shape":1}],"links":[[808,515,0,689,0,"CLIP"],[814,514,0,687,0,"MODEL"],[820,515,0,687,1,"CLIP"],[1041,736,0,737,0,"MODEL"],[1042,737,0,738,1,"GUIDER"],[1043,735,0,738,2,"SAMPLER"],[1044,738,0,739,0,"LATENT"],[1045,734,0,739,1,"VAE"],[1046,514,0,736,0,"MODEL"],[1047,689,0,737,1,"CONDITIONING"],[1048,726,0,738,0,"NOISE"],[1049,726,2,738,3,"SIGMAS"],[1050,726,1,738,4,"LATENT"],[1055,739,0,674,0,"IMAGE"],[1056,741,0,742,0,"MODEL"],[1057,742,0,743,1,"GUIDER"],[1058,743,0,744,0,"LATENT"],[1060,687,0,741,0,"MODEL"],[1061,744,0,699,0,"IMAGE"],[1063,735,0,743,2,"SAMPLER"],[1064,726,2,743,3,"SIGMAS"],[1065,726,1,743,4,"LATENT"],[1066,734,0,744,1,"VAE"],[1067,745,0,747,0,"MODEL"],[1068,745,0,748,0,"MODEL"],[1069,748,0,749,1,"GUIDER"],[1070,689,0,748,1,"CONDITIONING"],[1071,515,0,745,1,"CLIP"],[1072,726,2,749,3,"SIGMAS"],[1073,726,1,749,4,"LATENT"],[1074,726,0,749,0,"NOISE"],[1075,735,0,749,2,"SAMPLER"],[1076,749,0,750,0,"LATENT"],[1077,734,0,750,1,"VAE"],[1078,750,0,746,0,"IMAGE"],[1080,514,0,745,0,"MODEL"],[1081,514,0,751,0,"MODEL"],[1082,514,0,757,0,"MODEL"],[1083,515,0,751,1,"CLIP"],[1084,515,0,757,1,"CLIP"],[1085,734,0,756,1,"VAE"],[1086,734,0,762,1,"VAE"],[1087,689,0,742,1,"CONDITIONING"],[1088,689,0,754,1,"CONDITIONING"],[1089,689,0,760,1,"CONDITIONING"],[1090,514,0,726,0,"MODEL"],[1091,726,0,755,0,"NOISE"],[1092,726,0,761,0,"NOISE"],[1093,726,1,755,4,"LATENT"],[1094,726,1,761,4,"LATENT"],[1095,726,2,755,3,"SIGMAS"],[1096,726,2,761,3,"SIGMAS"],[1097,751,0,753,0,"MODEL"],[1098,757,0,759,0,"MODEL"],[1099,762,0,758,0,"IMAGE"],[1100,756,0,752,0,"IMAGE"],[1101,755,0,756,0,"LATENT"],[1102,761,0,762,0,"LATENT"],[1103,760,0,761,1,"GUIDER"],[1104,754,0,755,1,"GUIDER"],[1105,735,0,755,2,"SAMPLER"],[1106,735,0,761,2,"SAMPLER"],[1107,751,0,754,0,"MODEL"],[1108,757,0,760,0,"MODEL"],[1114,726,0,743,0,"NOISE"],[1120,727,0,699,1,"STRING"],[1121,727,1,746,1,"STRING"],[1122,727,2,752,1,"STRING"],[1123,727,3,758,1,"STRING"],[1124,727,4,674,1,"STRING"]],"groups":[{"id":2,"title":"LoRA - 1","bounding":[0,1400,1360,460],"color":"#3f789e","font_size":24,"flags":{}},{"id":3,"title":"LoRA - 2","bounding":[1370,1400,1360,460],"color":"#3f789e","font_size":24,"flags":{}},{"id":4,"title":"LoRA - 3","bounding":[0,1870,1360,460],"color":"#3f789e","font_size":24,"flags":{}},{"id":5,"title":"LoRA - 4","bounding":[1370,1870,1360,460],"color":"#3f789e","font_size":24,"flags":{}},{"id":6,"title":"Files","bounding":[0,1000,420,390],"color":"#88A","font_size":24,"flags":{}},{"id":7,"title":"Settings","bounding":[430,1000,930,390],"color":"#8AA","font_size":24,"flags":{}},{"id":8,"title":"Base image","bounding":[1890,1000,840,390],"color":"#3f789e","font_size":24,"flags":{}},{"id":9,"title":"Others","bounding":[1370,1000,510,390],"color":"#A88","font_size":24,"flags":{}}],"config":{},"extra":{"ds":{"scale":0.8210400000000001,"offset":[150.151515151515,-900.116437688785]},"groupNodes":{"positive prompt guidance":{"nodes":[{"id":-1,"type":"CLIPTextEncode","pos":{"0":115,"1":4180},"size":{"0":422.84503173828125,"1":164.31304931640625},"flags":{},"order":87,"mode":0,"inputs":[{"name":"clip","type":"CLIP","link":null}],"outputs":[{"name":"CONDITIONING","type":"CONDITIONING","links":[],"slot_index":0}],"properties":{"Node name for S&R":"CLIPTextEncode"},"widgets_values":["Vintage low-poly style with coarse textures, reminiscent of PS1 and PS2 era gaming graphics. a rugged, heavy-duty truck"],"index":0},{"id":-1,"type":"FluxGuidance","pos":{"0":735.5810546875,"1":4220.24267578125},"size":{"0":317.4000244140625,"1":58},"flags":{},"order":120,"mode":0,"inputs":[{"name":"conditioning","type":"CONDITIONING","link":null}],"outputs":[{"name":"CONDITIONING","type":"CONDITIONING","links":[],"slot_index":0,"shape":3}],"properties":{"Node name for S&R":"FluxGuidance"},"widgets_values":[3.5],"index":1}],"links":[[0,0,1,0,353,"CONDITIONING"]],"external":[]},"Other Nodes":{"nodes":[{"id":-1,"type":"VAELoader","pos":{"0":-5310.05224609375,"1":-588.678955078125},"size":{"0":311.81634521484375,"1":60.429901123046875},"flags":{},"order":47,"mode":0,"inputs":[],"outputs":[{"name":"VAE","type":"VAE","links":[],"slot_index":0,"shape":3}],"properties":{"Node name for S&R":"VAELoader"},"widgets_values":["ae.safetensors"],"index":0},{"id":-1,"type":"ModelSamplingFlux","pos":{"0":-5300.05224609375,"1":-1098.678955078125},"size":{"0":315,"1":130},"flags":{},"order":141,"mode":0,"inputs":[{"name":"model","type":"MODEL","link":null,"slot_index":0},{"name":"width","type":"INT","link":null,"slot_index":1,"widget":{"name":"width"}},{"name":"height","type":"INT","link":null,"slot_index":2,"widget":{"name":"height"}}],"outputs":[{"name":"MODEL","type":"MODEL","links":[],"slot_index":0,"shape":3}],"properties":{"Node name for S&R":"ModelSamplingFlux"},"widgets_values":[1.15,0.5,1024,1024],"index":1},{"id":-1,"type":"BasicGuider","pos":{"0":-5210.05224609375,"1":-928.678955078125},"size":{"0":222.3482666015625,"1":46},"flags":{},"order":155,"mode":0,"inputs":[{"name":"model","type":"MODEL","link":null,"slot_index":0},{"name":"conditioning","type":"CONDITIONING","link":null,"slot_index":1}],"outputs":[{"name":"GUIDER","type":"GUIDER","links":[],"slot_index":0,"shape":3}],"properties":{"Node name for S&R":"BasicGuider"},"index":2},{"id":-1,"type":"SamplerCustomAdvanced","pos":{"0":-5270.05224609375,"1":-848.678955078125},"size":{"0":272.3617858886719,"1":124.53733825683594},"flags":{},"order":166,"mode":0,"inputs":[{"name":"noise","type":"NOISE","link":null,"slot_index":0},{"name":"guider","type":"GUIDER","link":null,"slot_index":1},{"name":"sampler","type":"SAMPLER","link":null,"slot_index":2},{"name":"sigmas","type":"SIGMAS","link":null,"slot_index":3},{"name":"latent_image","type":"LATENT","link":null,"slot_index":4}],"outputs":[{"name":"output","type":"LATENT","links":[],"slot_index":0,"shape":3},{"name":"denoised_output","type":"LATENT","links":null,"shape":3}],"properties":{"Node name for S&R":"SamplerCustomAdvanced"},"index":3},{"id":-1,"type":"VAEDecode","pos":{"0":-5210.05224609375,"1":-678.678955078125},"size":{"0":210,"1":46},"flags":{},"order":174,"mode":0,"inputs":[{"name":"samples","type":"LATENT","link":null},{"name":"vae","type":"VAE","link":null}],"outputs":[{"name":"IMAGE","type":"IMAGE","links":[],"slot_index":0}],"properties":{"Node name for S&R":"VAEDecode"},"index":4}],"links":[[null,0,1,0,392,"MODEL"],[null,0,1,1,120,"INT"],[null,0,1,2,121,"INT"],[1,0,2,0,119,"MODEL"],[null,0,2,1,393,"CONDITIONING"],[null,0,3,0,398,"NOISE"],[2,0,3,1,115,"GUIDER"],[null,0,3,2,394,"SAMPLER"],[null,1,3,3,394,"SIGMAS"],[null,1,3,4,398,"LATENT"],[3,0,4,0,112,"LATENT"],[0,0,4,1,111,"VAE"]],"external":[[1,0,"MODEL"],[4,0,"IMAGE"]]},"Settings":{"nodes":[{"id":-1,"type":"RandomNoise","pos":{"0":-653.0982055664062,"1":1166.8477783203125},"size":{"0":315,"1":82},"flags":{},"order":12,"mode":0,"inputs":[],"outputs":[{"name":"NOISE","type":"NOISE","links":null}],"properties":{"Node name for S&R":"RandomNoise"},"widgets_values":[0,"randomize"],"index":0},{"id":-1,"type":"EmptySD3LatentImage","pos":{"0":-659,"1":946},"size":{"0":315,"1":106},"flags":{},"order":13,"mode":0,"inputs":[],"outputs":[{"name":"LATENT","type":"LATENT","links":null}],"properties":{"Node name for S&R":"EmptySD3LatentImage"},"widgets_values":[1024,1024,1],"index":1},{"id":-1,"type":"BasicScheduler","pos":{"0":-249,"1":1068},"size":{"0":315,"1":106},"flags":{},"order":31,"mode":0,"inputs":[{"name":"model","type":"MODEL","link":null,"slot_index":0}],"outputs":[{"name":"SIGMAS","type":"SIGMAS","links":[],"shape":3}],"properties":{"Node name for S&R":"BasicScheduler"},"widgets_values":["simple",20,1],"index":2}],"links":[[null,0,2,0,514,"MODEL"]],"external":[[2,0,"SIGMAS"]],"config":{"0":{"input":{"noise_seed":{"visible":false}}},"1":{"input":{"batch_size":{"visible":false}}},"2":{"input":{"scheduler":{"visible":false},"denoise":{"visible":false}}}}},"File name":{"nodes":[{"id":-1,"type":"JWDatetimeString","pos":{"0":890,"1":954},"size":{"0":315,"1":58},"flags":{"collapsed":true},"order":2,"mode":0,"inputs":[],"outputs":[{"name":"STRING","type":"STRING","links":[],"slot_index":0,"shape":3}],"title":"Name","properties":{"Node name for S&R":"JWDatetimeString"},"widgets_values":["./LoRA_Test/%Y-%m-%d/Flux_1_"],"shape":1,"index":0},{"id":-1,"type":"JWDatetimeString","pos":{"0":1350,"1":956},"size":{"0":315,"1":58},"flags":{"collapsed":true},"order":3,"mode":0,"inputs":[],"outputs":[{"name":"STRING","type":"STRING","links":[],"slot_index":0,"shape":3}],"title":"Name","properties":{"Node name for S&R":"JWDatetimeString"},"widgets_values":["./LoRA_Test/%Y-%m-%d/Flux_2_"],"shape":1,"index":1},{"id":-1,"type":"JWDatetimeString","pos":{"0":1691,"1":957},"size":{"0":315,"1":58},"flags":{"collapsed":true},"order":4,"mode":0,"inputs":[],"outputs":[{"name":"STRING","type":"STRING","links":[],"slot_index":0,"shape":3}],"title":"Name","properties":{"Node name for S&R":"JWDatetimeString"},"widgets_values":["./LoRA_Test/%Y-%m-%d/Flux_3_"],"shape":1,"index":2},{"id":-1,"type":"JWDatetimeString","pos":{"0":1236,"1":955},"size":{"0":315,"1":58},"flags":{"collapsed":true},"order":5,"mode":0,"inputs":[],"outputs":[{"name":"STRING","type":"STRING","links":[],"slot_index":0,"shape":3}],"title":"Name","properties":{"Node name for S&R":"JWDatetimeString"},"widgets_values":["./LoRA_Test/%Y-%m-%d/Flux_4_"],"shape":1,"index":3},{"id":-1,"type":"JWDatetimeString","pos":{"0":500,"1":987},"size":{"0":315,"1":58},"flags":{"collapsed":true},"order":7,"mode":0,"inputs":[],"outputs":[{"name":"STRING","type":"STRING","links":[],"slot_index":0,"shape":3}],"title":"Name","properties":{"Node name for S&R":"JWDatetimeString"},"widgets_values":["./LoRA_Test/%Y-%m-%d/Flux_0_"],"shape":1,"index":4}],"links":[],"external":[[0,0,"STRING"],[1,0,"STRING"],[2,0,"STRING"],[3,0,"STRING"],[4,0,"STRING"]],"config":{"0":{"input":{"format":{"name":"LoRA 1 - Name"}}},"1":{"input":{"format":{"name":"LoRA 2 - Name"}}},"2":{"input":{"format":{"name":"LoRA 3 - Name"}}},"3":{"input":{"format":{"name":"LoRA 4 - Name"}}},"4":{"input":{"format":{"name":"Base image name"}}}}},"Sampler":{"nodes":[{"id":-1,"type":"VAELoader","pos":{"0":619,"1":1616},"size":{"0":311.81634521484375,"1":60.429901123046875},"flags":{},"order":2,"mode":0,"inputs":[],"outputs":[{"name":"VAE","type":"VAE","links":[],"slot_index":0,"shape":3}],"properties":{"Node name for S&R":"VAELoader"},"widgets_values":["ae.safetensors"],"index":0},{"id":-1,"type":"KSamplerSelect","pos":{"0":503,"1":947},"size":{"0":315,"1":58},"flags":{"collapsed":true},"order":4,"mode":0,"inputs":[],"outputs":[{"name":"SAMPLER","type":"SAMPLER","links":[],"shape":3,"slot_index":0}],"properties":{"Node name for S&R":"KSamplerSelect"},"widgets_values":["euler"],"index":1},{"id":-1,"type":"ModelSamplingFlux","pos":{"0":873,"1":1064},"size":{"0":315,"1":130},"flags":{},"order":11,"mode":0,"inputs":[{"name":"model","type":"MODEL","link":null,"slot_index":0}],"outputs":[{"name":"MODEL","type":"MODEL","links":[],"slot_index":0,"shape":3}],"properties":{"Node name for S&R":"ModelSamplingFlux"},"widgets_values":[1.15,0.5,896,1152],"index":2},{"id":-1,"type":"BasicGuider","pos":{"0":719,"1":1276},"size":{"0":222.3482666015625,"1":46},"flags":{},"order":16,"mode":0,"inputs":[{"name":"model","type":"MODEL","link":null,"slot_index":0},{"name":"conditioning","type":"CONDITIONING","link":null,"slot_index":1}],"outputs":[{"name":"GUIDER","type":"GUIDER","links":[],"slot_index":0,"shape":3}],"properties":{"Node name for S&R":"BasicGuider"},"index":3},{"id":-1,"type":"SamplerCustomAdvanced","pos":{"0":1179,"1":1359},"size":{"0":272.3617858886719,"1":124.53733825683594},"flags":{},"order":21,"mode":0,"inputs":[{"name":"noise","type":"NOISE","link":null,"slot_index":0},{"name":"guider","type":"GUIDER","link":null,"slot_index":1},{"name":"sampler","type":"SAMPLER","link":null,"slot_index":2},{"name":"sigmas","type":"SIGMAS","link":null,"slot_index":3},{"name":"latent_image","type":"LATENT","link":null,"slot_index":4}],"outputs":[{"name":"output","type":"LATENT","links":[],"slot_index":0,"shape":3},{"name":"denoised_output","type":"LATENT","links":null,"shape":3}],"properties":{"Node name for S&R":"SamplerCustomAdvanced"},"index":4},{"id":-1,"type":"VAEDecode","pos":{"0":696,"1":1528},"size":{"0":210,"1":46},"flags":{},"order":22,"mode":0,"inputs":[{"name":"samples","type":"LATENT","link":null},{"name":"vae","type":"VAE","link":null}],"outputs":[{"name":"IMAGE","type":"IMAGE","links":[],"slot_index":0}],"properties":{"Node name for S&R":"VAEDecode"},"index":5}],"links":[[null,0,2,0,514,"MODEL"],[2,0,3,0,729,"MODEL"],[null,0,3,1,689,"CONDITIONING"],[null,0,4,0,726,"NOISE"],[3,0,4,1,730,"GUIDER"],[1,0,4,2,718,"SAMPLER"],[null,2,4,3,726,"SIGMAS"],[null,1,4,4,726,"LATENT"],[4,0,5,0,731,"LATENT"],[0,0,5,1,728,"VAE"]],"external":[[1,0,"SAMPLER"],[5,0,"IMAGE"]]},"Prompt":{"nodes":[{"id":-1,"type":"CLIPTextEncode","pos":{"0":115,"1":4180},"size":{"0":422.84503173828125,"1":164.31304931640625},"flags":{},"order":87,"mode":0,"inputs":[{"name":"clip","type":"CLIP","link":null}],"outputs":[{"name":"CONDITIONING","type":"CONDITIONING","links":[],"slot_index":0}],"properties":{"Node name for S&R":"CLIPTextEncode"},"widgets_values":["Vintage low-poly style with coarse textures, reminiscent of PS1 and PS2 era gaming graphics. a rugged, heavy-duty truck"],"index":0},{"id":-1,"type":"FluxGuidance","pos":{"0":735.5810546875,"1":4220.24267578125},"size":{"0":317.4000244140625,"1":58},"flags":{},"order":120,"mode":0,"inputs":[{"name":"conditioning","type":"CONDITIONING","link":null}],"outputs":[{"name":"CONDITIONING","type":"CONDITIONING","links":[],"slot_index":0,"shape":3}],"properties":{"Node name for S&R":"FluxGuidance"},"widgets_values":[3.5],"index":1}],"links":[[0,0,1,0,353,"CONDITIONING"]],"external":[]},"LoRA - 4":{"nodes":[{"id":-1,"type":"VAELoader","pos":{"0":-5310.05224609375,"1":-588.678955078125},"size":{"0":311.81634521484375,"1":60.429901123046875},"flags":{},"order":47,"mode":0,"inputs":[],"outputs":[{"name":"VAE","type":"VAE","links":[],"slot_index":0,"shape":3}],"properties":{"Node name for S&R":"VAELoader"},"widgets_values":["ae.safetensors"],"index":0},{"id":-1,"type":"ModelSamplingFlux","pos":{"0":-5300.05224609375,"1":-1098.678955078125},"size":{"0":315,"1":130},"flags":{},"order":141,"mode":0,"inputs":[{"name":"model","type":"MODEL","link":null,"slot_index":0},{"name":"width","type":"INT","link":null,"slot_index":1,"widget":{"name":"width"}},{"name":"height","type":"INT","link":null,"slot_index":2,"widget":{"name":"height"}}],"outputs":[{"name":"MODEL","type":"MODEL","links":[],"slot_index":0,"shape":3}],"properties":{"Node name for S&R":"ModelSamplingFlux"},"widgets_values":[1.15,0.5,1024,1024],"index":1},{"id":-1,"type":"BasicGuider","pos":{"0":-5210.05224609375,"1":-928.678955078125},"size":{"0":222.3482666015625,"1":46},"flags":{},"order":155,"mode":0,"inputs":[{"name":"model","type":"MODEL","link":null,"slot_index":0},{"name":"conditioning","type":"CONDITIONING","link":null,"slot_index":1}],"outputs":[{"name":"GUIDER","type":"GUIDER","links":[],"slot_index":0,"shape":3}],"properties":{"Node name for S&R":"BasicGuider"},"index":2},{"id":-1,"type":"SamplerCustomAdvanced","pos":{"0":-5270.05224609375,"1":-848.678955078125},"size":{"0":272.3617858886719,"1":124.53733825683594},"flags":{},"order":166,"mode":0,"inputs":[{"name":"noise","type":"NOISE","link":null,"slot_index":0},{"name":"guider","type":"GUIDER","link":null,"slot_index":1},{"name":"sampler","type":"SAMPLER","link":null,"slot_index":2},{"name":"sigmas","type":"SIGMAS","link":null,"slot_index":3},{"name":"latent_image","type":"LATENT","link":null,"slot_index":4}],"outputs":[{"name":"output","type":"LATENT","links":[],"slot_index":0,"shape":3},{"name":"denoised_output","type":"LATENT","links":null,"shape":3}],"properties":{"Node name for S&R":"SamplerCustomAdvanced"},"index":3},{"id":-1,"type":"VAEDecode","pos":{"0":-5210.05224609375,"1":-678.678955078125},"size":{"0":210,"1":46},"flags":{},"order":174,"mode":0,"inputs":[{"name":"samples","type":"LATENT","link":null},{"name":"vae","type":"VAE","link":null}],"outputs":[{"name":"IMAGE","type":"IMAGE","links":[],"slot_index":0}],"properties":{"Node name for S&R":"VAEDecode"},"index":4}],"links":[[null,0,1,0,392,"MODEL"],[null,0,1,1,120,"INT"],[null,0,1,2,121,"INT"],[1,0,2,0,119,"MODEL"],[null,0,2,1,393,"CONDITIONING"],[null,0,3,0,398,"NOISE"],[2,0,3,1,115,"GUIDER"],[null,0,3,2,394,"SAMPLER"],[null,1,3,3,394,"SIGMAS"],[null,1,3,4,398,"LATENT"],[3,0,4,0,112,"LATENT"],[0,0,4,1,111,"VAE"]],"external":[[1,0,"MODEL"],[4,0,"IMAGE"]]},"LoRA - 3":{"nodes":[{"id":-1,"type":"VAELoader","pos":{"0":-5310.05224609375,"1":-588.678955078125},"size":{"0":311.81634521484375,"1":60.429901123046875},"flags":{},"order":47,"mode":0,"inputs":[],"outputs":[{"name":"VAE","type":"VAE","links":[],"slot_index":0,"shape":3}],"properties":{"Node name for S&R":"VAELoader"},"widgets_values":["ae.safetensors"],"index":0},{"id":-1,"type":"ModelSamplingFlux","pos":{"0":-5300.05224609375,"1":-1098.678955078125},"size":{"0":315,"1":130},"flags":{},"order":141,"mode":0,"inputs":[{"name":"model","type":"MODEL","link":null,"slot_index":0},{"name":"width","type":"INT","link":null,"slot_index":1,"widget":{"name":"width"}},{"name":"height","type":"INT","link":null,"slot_index":2,"widget":{"name":"height"}}],"outputs":[{"name":"MODEL","type":"MODEL","links":[],"slot_index":0,"shape":3}],"properties":{"Node name for S&R":"ModelSamplingFlux"},"widgets_values":[1.15,0.5,1024,1024],"index":1},{"id":-1,"type":"BasicGuider","pos":{"0":-5210.05224609375,"1":-928.678955078125},"size":{"0":222.3482666015625,"1":46},"flags":{},"order":155,"mode":0,"inputs":[{"name":"model","type":"MODEL","link":null,"slot_index":0},{"name":"conditioning","type":"CONDITIONING","link":null,"slot_index":1}],"outputs":[{"name":"GUIDER","type":"GUIDER","links":[],"slot_index":0,"shape":3}],"properties":{"Node name for S&R":"BasicGuider"},"index":2},{"id":-1,"type":"SamplerCustomAdvanced","pos":{"0":-5270.05224609375,"1":-848.678955078125},"size":{"0":272.3617858886719,"1":124.53733825683594},"flags":{},"order":166,"mode":0,"inputs":[{"name":"noise","type":"NOISE","link":null,"slot_index":0},{"name":"guider","type":"GUIDER","link":null,"slot_index":1},{"name":"sampler","type":"SAMPLER","link":null,"slot_index":2},{"name":"sigmas","type":"SIGMAS","link":null,"slot_index":3},{"name":"latent_image","type":"LATENT","link":null,"slot_index":4}],"outputs":[{"name":"output","type":"LATENT","links":[],"slot_index":0,"shape":3},{"name":"denoised_output","type":"LATENT","links":null,"shape":3}],"properties":{"Node name for S&R":"SamplerCustomAdvanced"},"index":3},{"id":-1,"type":"VAEDecode","pos":{"0":-5210.05224609375,"1":-678.678955078125},"size":{"0":210,"1":46},"flags":{},"order":174,"mode":0,"inputs":[{"name":"samples","type":"LATENT","link":null},{"name":"vae","type":"VAE","link":null}],"outputs":[{"name":"IMAGE","type":"IMAGE","links":[],"slot_index":0}],"properties":{"Node name for S&R":"VAEDecode"},"index":4}],"links":[[null,0,1,0,392,"MODEL"],[null,0,1,1,120,"INT"],[null,0,1,2,121,"INT"],[1,0,2,0,119,"MODEL"],[null,0,2,1,393,"CONDITIONING"],[null,0,3,0,398,"NOISE"],[2,0,3,1,115,"GUIDER"],[null,0,3,2,394,"SAMPLER"],[null,1,3,3,394,"SIGMAS"],[null,1,3,4,398,"LATENT"],[3,0,4,0,112,"LATENT"],[0,0,4,1,111,"VAE"]],"external":[[1,0,"MODEL"],[4,0,"IMAGE"]]},"LoRA - 2":{"nodes":[{"id":-1,"type":"VAELoader","pos":{"0":-5310.05224609375,"1":-588.678955078125},"size":{"0":311.81634521484375,"1":60.429901123046875},"flags":{},"order":47,"mode":0,"inputs":[],"outputs":[{"name":"VAE","type":"VAE","links":[],"slot_index":0,"shape":3}],"properties":{"Node name for S&R":"VAELoader"},"widgets_values":["ae.safetensors"],"index":0},{"id":-1,"type":"ModelSamplingFlux","pos":{"0":-5300.05224609375,"1":-1098.678955078125},"size":{"0":315,"1":130},"flags":{},"order":141,"mode":0,"inputs":[{"name":"model","type":"MODEL","link":null,"slot_index":0},{"name":"width","type":"INT","link":null,"slot_index":1,"widget":{"name":"width"}},{"name":"height","type":"INT","link":null,"slot_index":2,"widget":{"name":"height"}}],"outputs":[{"name":"MODEL","type":"MODEL","links":[],"slot_index":0,"shape":3}],"properties":{"Node name for S&R":"ModelSamplingFlux"},"widgets_values":[1.15,0.5,1024,1024],"index":1},{"id":-1,"type":"BasicGuider","pos":{"0":-5210.05224609375,"1":-928.678955078125},"size":{"0":222.3482666015625,"1":46},"flags":{},"order":155,"mode":0,"inputs":[{"name":"model","type":"MODEL","link":null,"slot_index":0},{"name":"conditioning","type":"CONDITIONING","link":null,"slot_index":1}],"outputs":[{"name":"GUIDER","type":"GUIDER","links":[],"slot_index":0,"shape":3}],"properties":{"Node name for S&R":"BasicGuider"},"index":2},{"id":-1,"type":"SamplerCustomAdvanced","pos":{"0":-5270.05224609375,"1":-848.678955078125},"size":{"0":272.3617858886719,"1":124.53733825683594},"flags":{},"order":166,"mode":0,"inputs":[{"name":"noise","type":"NOISE","link":null,"slot_index":0},{"name":"guider","type":"GUIDER","link":null,"slot_index":1},{"name":"sampler","type":"SAMPLER","link":null,"slot_index":2},{"name":"sigmas","type":"SIGMAS","link":null,"slot_index":3},{"name":"latent_image","type":"LATENT","link":null,"slot_index":4}],"outputs":[{"name":"output","type":"LATENT","links":[],"slot_index":0,"shape":3},{"name":"denoised_output","type":"LATENT","links":null,"shape":3}],"properties":{"Node name for S&R":"SamplerCustomAdvanced"},"index":3},{"id":-1,"type":"VAEDecode","pos":{"0":-5210.05224609375,"1":-678.678955078125},"size":{"0":210,"1":46},"flags":{},"order":174,"mode":0,"inputs":[{"name":"samples","type":"LATENT","link":null},{"name":"vae","type":"VAE","link":null}],"outputs":[{"name":"IMAGE","type":"IMAGE","links":[],"slot_index":0}],"properties":{"Node name for S&R":"VAEDecode"},"index":4}],"links":[[null,0,1,0,392,"MODEL"],[null,0,1,1,120,"INT"],[null,0,1,2,121,"INT"],[1,0,2,0,119,"MODEL"],[null,0,2,1,393,"CONDITIONING"],[null,0,3,0,398,"NOISE"],[2,0,3,1,115,"GUIDER"],[null,0,3,2,394,"SAMPLER"],[null,1,3,3,394,"SIGMAS"],[null,1,3,4,398,"LATENT"],[3,0,4,0,112,"LATENT"],[0,0,4,1,111,"VAE"]],"external":[[1,0,"MODEL"],[4,0,"IMAGE"]]},"LoRA - 1":{"nodes":[{"id":-1,"type":"VAELoader","pos":{"0":-5310.05224609375,"1":-588.678955078125},"size":{"0":311.81634521484375,"1":60.429901123046875},"flags":{},"order":47,"mode":0,"inputs":[],"outputs":[{"name":"VAE","type":"VAE","links":[],"slot_index":0,"shape":3}],"properties":{"Node name for S&R":"VAELoader"},"widgets_values":["ae.safetensors"],"index":0},{"id":-1,"type":"ModelSamplingFlux","pos":{"0":-5300.05224609375,"1":-1098.678955078125},"size":{"0":315,"1":130},"flags":{},"order":141,"mode":0,"inputs":[{"name":"model","type":"MODEL","link":null,"slot_index":0},{"name":"width","type":"INT","link":null,"slot_index":1,"widget":{"name":"width"}},{"name":"height","type":"INT","link":null,"slot_index":2,"widget":{"name":"height"}}],"outputs":[{"name":"MODEL","type":"MODEL","links":[],"slot_index":0,"shape":3}],"properties":{"Node name for S&R":"ModelSamplingFlux"},"widgets_values":[1.15,0.5,1024,1024],"index":1},{"id":-1,"type":"BasicGuider","pos":{"0":-5210.05224609375,"1":-928.678955078125},"size":{"0":222.3482666015625,"1":46},"flags":{},"order":155,"mode":0,"inputs":[{"name":"model","type":"MODEL","link":null,"slot_index":0},{"name":"conditioning","type":"CONDITIONING","link":null,"slot_index":1}],"outputs":[{"name":"GUIDER","type":"GUIDER","links":[],"slot_index":0,"shape":3}],"properties":{"Node name for S&R":"BasicGuider"},"index":2},{"id":-1,"type":"SamplerCustomAdvanced","pos":{"0":-5270.05224609375,"1":-848.678955078125},"size":{"0":272.3617858886719,"1":124.53733825683594},"flags":{},"order":166,"mode":0,"inputs":[{"name":"noise","type":"NOISE","link":null,"slot_index":0},{"name":"guider","type":"GUIDER","link":null,"slot_index":1},{"name":"sampler","type":"SAMPLER","link":null,"slot_index":2},{"name":"sigmas","type":"SIGMAS","link":null,"slot_index":3},{"name":"latent_image","type":"LATENT","link":null,"slot_index":4}],"outputs":[{"name":"output","type":"LATENT","links":[],"slot_index":0,"shape":3},{"name":"denoised_output","type":"LATENT","links":null,"shape":3}],"properties":{"Node name for S&R":"SamplerCustomAdvanced"},"index":3},{"id":-1,"type":"VAEDecode","pos":{"0":-5210.05224609375,"1":-678.678955078125},"size":{"0":210,"1":46},"flags":{},"order":174,"mode":0,"inputs":[{"name":"samples","type":"LATENT","link":null},{"name":"vae","type":"VAE","link":null}],"outputs":[{"name":"IMAGE","type":"IMAGE","links":[],"slot_index":0}],"properties":{"Node name for S&R":"VAEDecode"},"index":4}],"links":[[null,0,1,0,392,"MODEL"],[null,0,1,1,120,"INT"],[null,0,1,2,121,"INT"],[1,0,2,0,119,"MODEL"],[null,0,2,1,393,"CONDITIONING"],[null,0,3,0,398,"NOISE"],[2,0,3,1,115,"GUIDER"],[null,0,3,2,394,"SAMPLER"],[null,1,3,3,394,"SIGMAS"],[null,1,3,4,398,"LATENT"],[3,0,4,0,112,"LATENT"],[0,0,4,1,111,"VAE"]],"external":[[1,0,"MODEL"],[4,0,"IMAGE"]]}}},"version":0.4}