{"id":"a9862810-6e1e-498d-a6e6-99c3076ba7b4","revision":0,"last_node_id":2003,"last_link_id":360,"nodes":[{"id":83,"type":"VAEDecode","pos":[230,2200],"size":[210,46],"flags":{"collapsed":true},"order":40,"mode":0,"inputs":[{"localized_name":"samples","name":"samples","type":"LATENT","link":296},{"localized_name":"vae","name":"vae","type":"VAE","link":277}],"outputs":[{"localized_name":"IMAGE","name":"IMAGE","type":"IMAGE","slot_index":0,"links":[258,259,260]}],"properties":{"cnr_id":"comfy-core","ver":"0.3.29","Node name for S&R":"VAEDecode","widget_ue_connectable":{}},"widgets_values":[],"color":"#222","bgcolor":"#000","shape":1},{"id":77,"type":"RandomNoise","pos":[-570,2200],"size":[300,82],"flags":{"collapsed":true},"order":22,"mode":0,"inputs":[{"localized_name":"noise_seed","name":"noise_seed","type":"INT","widget":{"name":"noise_seed"},"link":265}],"outputs":[{"localized_name":"NOISE","name":"NOISE","type":"NOISE","slot_index":0,"links":[245]}],"properties":{"cnr_id":"comfy-core","ver":"0.3.29","Node name for S&R":"RandomNoise","widget_ue_connectable":{"noise_seed":true}},"widgets_values":[667105083179495,"randomize"],"color":"#222","bgcolor":"#000","shape":1},{"id":48,"type":"KSamplerSelect","pos":[-990,1680],"size":[440,58],"flags":{"collapsed":false},"order":0,"mode":0,"inputs":[{"localized_name":"sampler_name","name":"sampler_name","type":"COMBO","widget":{"name":"sampler_name"},"link":null}],"outputs":[{"label":" ","localized_name":"SAMPLER","name":"SAMPLER","type":"SAMPLER","slot_index":0,"links":[176,253]}],"title":"Sampler","properties":{"cnr_id":"comfy-core","ver":"0.3.29","Node name for S&R":"KSamplerSelect","widget_ue_connectable":{"sampler_name":true}},"widgets_values":["euler"],"color":"#432","bgcolor":"#653","shape":1},{"id":72,"type":"PatchModelPatcherOrder","pos":[-990,2340],"size":[315,82],"flags":{"collapsed":true},"order":26,"mode":4,"inputs":[{"localized_name":"model","name":"model","type":"MODEL","link":282},{"localized_name":"patch_order","name":"patch_order","type":"COMBO","widget":{"name":"patch_order"},"link":null},{"localized_name":"full_load","name":"full_load","type":"COMBO","widget":{"name":"full_load"},"link":null}],"outputs":[{"localized_name":"MODEL","name":"MODEL","type":"MODEL","links":[240]}],"title":"Patcher Order","properties":{"cnr_id":"comfyui-kjnodes","ver":"8ecf5cd05e0a1012087b0da90eea9a13674668db","Node name for S&R":"PatchModelPatcherOrder","aux_id":"kijai/ComfyUI-KJNodes","widget_ue_connectable":{"patch_order":true,"full_load":true}},"widgets_values":["weight_patch_first","auto"],"color":"#222","bgcolor":"#000","shape":1},{"id":91,"type":"UnetLoaderGGUF","pos":[-540,1270],"size":[440,58],"flags":{},"order":1,"mode":0,"inputs":[{"localized_name":"unet_name","name":"unet_name","type":"COMBO","widget":{"name":"unet_name"},"link":null}],"outputs":[{"label":" ","localized_name":"MODEL","name":"MODEL","type":"MODEL","links":[283,285]}],"title":"Model","properties":{"cnr_id":"ComfyUI-GGUF","ver":"a355f8b5eab3f83408eb95546f09cec72e028f04","Node name for S&R":"UnetLoaderGGUF","aux_id":"city96/ComfyUI-GGUF","widget_ue_connectable":{"unet_name":true}},"widgets_values":["flux1-dev-Q8_0.gguf"],"color":"#223","bgcolor":"#335","shape":1},{"id":47,"type":"Seed Generator (Image Saver)","pos":[-990,1780],"size":[440,110],"flags":{},"order":2,"mode":0,"inputs":[{"localized_name":"seed","name":"seed","type":"INT","widget":{"name":"seed"},"link":null},{"localized_name":"increment","name":"increment","type":"INT","widget":{"name":"increment"},"link":null}],"outputs":[{"label":" ","localized_name":"INT","name":"INT","type":"INT","slot_index":0,"links":[178,228,265]}],"title":"Seed","properties":{"cnr_id":"comfyui-image-saver","ver":"1.4.0","Node name for S&R":"Seed Generator (Image Saver)","aux_id":"alexopus/ComfyUI-Image-Saver","widget_ue_connectable":{"seed":true,"increment":true}},"widgets_values":[719648930518822,"randomize",0],"color":"#432","bgcolor":"#653","shape":1},{"id":55,"type":"mxSlider","pos":[360,1380],"size":[440,30],"flags":{},"order":3,"mode":0,"inputs":[{"localized_name":"Xi","name":"Xi","type":"INT","widget":{"name":"Xi"},"link":null},{"localized_name":"Xf","name":"Xf","type":"FLOAT","widget":{"name":"Xf"},"link":null},{"localized_name":"isfloatX","name":"isfloatX","type":"INT","widget":{"name":"isfloatX"},"link":null}],"outputs":[{"localized_name":"","name":"","type":"FLOAT","slot_index":0,"links":[323]}],"title":"Upscale ratio","properties":{"cnr_id":"comfyui-mxtoolkit","ver":"0.9.9","Node name for S&R":"mxSlider","value":2,"min":1,"max":4,"step":0.1,"decimals":1,"snap":true,"aux_id":"Smirnov75/ComfyUI-mxToolkit","widget_ue_connectable":{"Xi":true,"Xf":true,"isfloatX":true}},"widgets_values":[2,2,1],"color":"#432","bgcolor":"#653","shape":1},{"id":22,"type":"Image Saver","pos":[450,2200],"size":[600,950],"flags":{"collapsed":true},"order":41,"mode":0,"inputs":[{"localized_name":"images","name":"images","type":"IMAGE","link":258},{"localized_name":"filename","name":"filename","type":"STRING","widget":{"name":"filename"},"link":null},{"localized_name":"path","name":"path","type":"STRING","widget":{"name":"path"},"link":null},{"localized_name":"extension","name":"extension","type":"COMBO","widget":{"name":"extension"},"link":null},{"localized_name":"steps","name":"steps","shape":7,"type":"INT","widget":{"name":"steps"},"link":326},{"localized_name":"cfg","name":"cfg","shape":7,"type":"FLOAT","widget":{"name":"cfg"},"link":27},{"localized_name":"modelname","name":"modelname","shape":7,"type":"STRING","widget":{"name":"modelname"},"link":105},{"localized_name":"sampler_name","name":"sampler_name","shape":7,"type":"STRING","widget":{"name":"sampler_name"},"link":88},{"localized_name":"scheduler","name":"scheduler","shape":7,"type":"STRING","widget":{"name":"scheduler"},"link":90},{"localized_name":"positive","name":"positive","shape":7,"type":"STRING","widget":{"name":"positive"},"link":263},{"localized_name":"negative","name":"negative","shape":7,"type":"STRING","widget":{"name":"negative"},"link":null},{"localized_name":"seed_value","name":"seed_value","shape":7,"type":"INT","widget":{"name":"seed_value"},"link":178},{"localized_name":"width","name":"width","shape":7,"type":"INT","widget":{"name":"width"},"link":43},{"localized_name":"height","name":"height","shape":7,"type":"INT","widget":{"name":"height"},"link":44},{"localized_name":"lossless_webp","name":"lossless_webp","shape":7,"type":"BOOLEAN","widget":{"name":"lossless_webp"},"link":null},{"localized_name":"quality_jpeg_or_webp","name":"quality_jpeg_or_webp","shape":7,"type":"INT","widget":{"name":"quality_jpeg_or_webp"},"link":null},{"localized_name":"optimize_png","name":"optimize_png","shape":7,"type":"BOOLEAN","widget":{"name":"optimize_png"},"link":null},{"localized_name":"counter","name":"counter","shape":7,"type":"INT","widget":{"name":"counter"},"link":null},{"localized_name":"denoise","name":"denoise","shape":7,"type":"FLOAT","widget":{"name":"denoise"},"link":null},{"localized_name":"clip_skip","name":"clip_skip","shape":7,"type":"INT","widget":{"name":"clip_skip"},"link":null},{"localized_name":"time_format","name":"time_format","shape":7,"type":"STRING","widget":{"name":"time_format"},"link":null},{"localized_name":"save_workflow_as_json","name":"save_workflow_as_json","shape":7,"type":"BOOLEAN","widget":{"name":"save_workflow_as_json"},"link":null},{"localized_name":"embed_workflow","name":"embed_workflow","shape":7,"type":"BOOLEAN","widget":{"name":"embed_workflow"},"link":null},{"localized_name":"additional_hashes","name":"additional_hashes","shape":7,"type":"STRING","widget":{"name":"additional_hashes"},"link":null},{"localized_name":"download_civitai_data","name":"download_civitai_data","shape":7,"type":"BOOLEAN","widget":{"name":"download_civitai_data"},"link":null},{"localized_name":"easy_remix","name":"easy_remix","shape":7,"type":"BOOLEAN","widget":{"name":"easy_remix"},"link":null}],"outputs":[{"localized_name":"hashes","name":"hashes","type":"STRING","links":null},{"localized_name":"a1111_params","name":"a1111_params","type":"STRING","links":null}],"title":"   Save original    ","properties":{"cnr_id":"comfyui-image-saver","ver":"1.4.0","Node name for S&R":"Image Saver","aux_id":"alexopus/ComfyUI-Image-Saver","widget_ue_connectable":{"filename":true,"path":true,"extension":true,"steps":true,"cfg":true,"modelname":true,"sampler_name":true,"scheduler":true,"positive":true,"negative":true,"seed_value":true,"width":true,"height":true,"lossless_webp":true,"quality_jpeg_or_webp":true,"optimize_png":true,"counter":true,"denoise":true,"clip_skip":true,"time_format":true,"save_workflow_as_json":true,"embed_workflow":true,"additional_hashes":true,"download_civitai_data":true,"easy_remix":true}},"widgets_values":["%time_%seed_Original","FLUX/%date/","png",20,7,"","","normal","unknown","",0,512,512,true,100,false,0,1,0,"%Y-%m-%d-%H%M",false,false,"",true,true],"color":"#2a363b","bgcolor":"#3f5159","shape":1},{"id":39,"type":"Image Saver","pos":[660,2440],"size":[600,960],"flags":{"collapsed":true},"order":43,"mode":4,"inputs":[{"localized_name":"images","name":"images","type":"IMAGE","link":214},{"localized_name":"filename","name":"filename","type":"STRING","widget":{"name":"filename"},"link":null},{"localized_name":"path","name":"path","type":"STRING","widget":{"name":"path"},"link":null},{"localized_name":"extension","name":"extension","type":"COMBO","widget":{"name":"extension"},"link":null},{"localized_name":"steps","name":"steps","shape":7,"type":"INT","widget":{"name":"steps"},"link":327},{"localized_name":"cfg","name":"cfg","shape":7,"type":"FLOAT","widget":{"name":"cfg"},"link":227},{"localized_name":"modelname","name":"modelname","shape":7,"type":"STRING","widget":{"name":"modelname"},"link":232},{"localized_name":"sampler_name","name":"sampler_name","shape":7,"type":"STRING","widget":{"name":"sampler_name"},"link":233},{"localized_name":"scheduler","name":"scheduler","shape":7,"type":"STRING","widget":{"name":"scheduler"},"link":224},{"localized_name":"positive","name":"positive","shape":7,"type":"STRING","widget":{"name":"positive"},"link":264},{"localized_name":"negative","name":"negative","shape":7,"type":"STRING","widget":{"name":"negative"},"link":null},{"localized_name":"seed_value","name":"seed_value","shape":7,"type":"INT","widget":{"name":"seed_value"},"link":228},{"localized_name":"width","name":"width","shape":7,"type":"INT","widget":{"name":"width"},"link":230},{"localized_name":"height","name":"height","shape":7,"type":"INT","widget":{"name":"height"},"link":225},{"localized_name":"lossless_webp","name":"lossless_webp","shape":7,"type":"BOOLEAN","widget":{"name":"lossless_webp"},"link":null},{"localized_name":"quality_jpeg_or_webp","name":"quality_jpeg_or_webp","shape":7,"type":"INT","widget":{"name":"quality_jpeg_or_webp"},"link":null},{"localized_name":"optimize_png","name":"optimize_png","shape":7,"type":"BOOLEAN","widget":{"name":"optimize_png"},"link":null},{"localized_name":"counter","name":"counter","shape":7,"type":"INT","widget":{"name":"counter"},"link":null},{"localized_name":"denoise","name":"denoise","shape":7,"type":"FLOAT","widget":{"name":"denoise"},"link":null},{"localized_name":"clip_skip","name":"clip_skip","shape":7,"type":"INT","widget":{"name":"clip_skip"},"link":null},{"localized_name":"time_format","name":"time_format","shape":7,"type":"STRING","widget":{"name":"time_format"},"link":null},{"localized_name":"save_workflow_as_json","name":"save_workflow_as_json","shape":7,"type":"BOOLEAN","widget":{"name":"save_workflow_as_json"},"link":null},{"localized_name":"embed_workflow","name":"embed_workflow","shape":7,"type":"BOOLEAN","widget":{"name":"embed_workflow"},"link":null},{"localized_name":"additional_hashes","name":"additional_hashes","shape":7,"type":"STRING","widget":{"name":"additional_hashes"},"link":null},{"localized_name":"download_civitai_data","name":"download_civitai_data","shape":7,"type":"BOOLEAN","widget":{"name":"download_civitai_data"},"link":null},{"localized_name":"easy_remix","name":"easy_remix","shape":7,"type":"BOOLEAN","widget":{"name":"easy_remix"},"link":null}],"outputs":[{"localized_name":"hashes","name":"hashes","type":"STRING","links":null},{"localized_name":"a1111_params","name":"a1111_params","type":"STRING","links":null}],"title":" Save upscale ","properties":{"cnr_id":"comfyui-image-saver","ver":"1.4.0","Node name for S&R":"Image Saver","aux_id":"alexopus/ComfyUI-Image-Saver","widget_ue_connectable":{"filename":true,"path":true,"extension":true,"steps":true,"cfg":true,"modelname":true,"sampler_name":true,"scheduler":true,"positive":true,"negative":true,"seed_value":true,"width":true,"height":true,"lossless_webp":true,"quality_jpeg_or_webp":true,"optimize_png":true,"counter":true,"denoise":true,"clip_skip":true,"time_format":true,"save_workflow_as_json":true,"embed_workflow":true,"additional_hashes":true,"download_civitai_data":true,"easy_remix":true}},"widgets_values":["%time_%seed_Upscale","FLUX/%date/","png",20,7,"","","normal","unknown","",0,512,512,true,100,false,0,1,0,"%Y-%m-%d-%H%M",false,false,"",true,true],"color":"#2a363b","bgcolor":"#3f5159","shape":1},{"id":52,"type":"WidgetToString","pos":[-770,2390],"size":[315,154],"flags":{"collapsed":true},"order":20,"mode":0,"inputs":[{"localized_name":"any_input","name":"any_input","shape":7,"type":"*","link":176},{"localized_name":"id","name":"id","type":"INT","widget":{"name":"id"},"link":null},{"localized_name":"widget_name","name":"widget_name","type":"STRING","widget":{"name":"widget_name"},"link":null},{"localized_name":"return_all","name":"return_all","type":"BOOLEAN","widget":{"name":"return_all"},"link":null},{"localized_name":"node_title","name":"node_title","shape":7,"type":"STRING","widget":{"name":"node_title"},"link":null},{"localized_name":"allowed_float_decimals","name":"allowed_float_decimals","shape":7,"type":"INT","widget":{"name":"allowed_float_decimals"},"link":null}],"outputs":[{"localized_name":"STRING","name":"STRING","type":"STRING","slot_index":0,"links":[88,233]}],"title":"getSampler","properties":{"cnr_id":"comfyui-kjnodes","ver":"8ecf5cd05e0a1012087b0da90eea9a13674668db","Node name for S&R":"WidgetToString","aux_id":"kijai/ComfyUI-KJNodes","widget_ue_connectable":{"id":true,"widget_name":true,"return_all":true,"node_title":true,"allowed_float_decimals":true}},"widgets_values":[0,"sampler_name",false,"",2],"color":"#222","bgcolor":"#000","shape":1},{"id":53,"type":"WidgetToString","pos":[-560,2390],"size":[315,154],"flags":{"collapsed":true},"order":34,"mode":0,"inputs":[{"localized_name":"any_input","name":"any_input","shape":7,"type":"*","link":181},{"localized_name":"id","name":"id","type":"INT","widget":{"name":"id"},"link":null},{"localized_name":"widget_name","name":"widget_name","type":"STRING","widget":{"name":"widget_name"},"link":null},{"localized_name":"return_all","name":"return_all","type":"BOOLEAN","widget":{"name":"return_all"},"link":null},{"localized_name":"node_title","name":"node_title","shape":7,"type":"STRING","widget":{"name":"node_title"},"link":null},{"localized_name":"allowed_float_decimals","name":"allowed_float_decimals","shape":7,"type":"INT","widget":{"name":"allowed_float_decimals"},"link":null}],"outputs":[{"localized_name":"STRING","name":"STRING","type":"STRING","slot_index":0,"links":[90,224]}],"title":"getScheduler","properties":{"cnr_id":"comfyui-kjnodes","ver":"8ecf5cd05e0a1012087b0da90eea9a13674668db","Node name for S&R":"WidgetToString","aux_id":"kijai/ComfyUI-KJNodes","widget_ue_connectable":{"id":true,"widget_name":true,"return_all":true,"node_title":true,"allowed_float_decimals":true}},"widgets_values":[0,"scheduler",false,"",2],"color":"#222","bgcolor":"#000","shape":1},{"id":109,"type":"Text to Number","pos":[230,2390],"size":[210,26],"flags":{"collapsed":true},"order":37,"mode":0,"inputs":[{"localized_name":"text","name":"text","type":"STRING","link":324}],"outputs":[{"localized_name":"NUMBER","name":"NUMBER","type":"NUMBER","links":[325]}],"properties":{"cnr_id":"was-node-suite-comfyui","ver":"831199b898394c0385576d80628fce6b7931d317","Node name for S&R":"Text to Number","aux_id":"WASasquatch/was-node-suite-comfyui","widget_ue_connectable":{}},"widgets_values":[],"color":"#222","bgcolor":"#000","shape":1},{"id":104,"type":"WidgetToString","pos":[-70,2390],"size":[367.79998779296875,154],"flags":{"collapsed":true},"order":35,"mode":0,"inputs":[{"localized_name":"any_input","name":"any_input","shape":7,"type":"*","link":318},{"localized_name":"id","name":"id","type":"INT","widget":{"name":"id"},"link":null},{"localized_name":"widget_name","name":"widget_name","type":"STRING","widget":{"name":"widget_name"},"link":null},{"localized_name":"return_all","name":"return_all","type":"BOOLEAN","widget":{"name":"return_all"},"link":null},{"localized_name":"node_title","name":"node_title","shape":7,"type":"STRING","widget":{"name":"node_title"},"link":null},{"localized_name":"allowed_float_decimals","name":"allowed_float_decimals","shape":7,"type":"INT","widget":{"name":"allowed_float_decimals"},"link":null}],"outputs":[{"localized_name":"STRING","name":"STRING","type":"STRING","links":[324]}],"title":"getSteps","properties":{"cnr_id":"comfyui-kjnodes","ver":"58668a44cc4e179a59dec5684a6d0295f5fad8e7","Node name for S&R":"WidgetToString","aux_id":"kijai/ComfyUI-KJNodes","widget_ue_connectable":{"id":true,"widget_name":true,"return_all":true,"node_title":true,"allowed_float_decimals":true}},"widgets_values":[0,"steps",false,"",2],"color":"#222","bgcolor":"#000","shape":1},{"id":110,"type":"Number to Int","pos":[460,2390],"size":[210,26],"flags":{"collapsed":true},"order":39,"mode":0,"inputs":[{"localized_name":"number","name":"number","type":"NUMBER","link":325}],"outputs":[{"localized_name":"INT","name":"INT","type":"INT","links":[326,327]}],"properties":{"cnr_id":"was-node-suite-comfyui","ver":"831199b898394c0385576d80628fce6b7931d317","Node name for S&R":"Number to Int","aux_id":"WASasquatch/was-node-suite-comfyui","widget_ue_connectable":{}},"widgets_values":[],"color":"#222","bgcolor":"#000","shape":1},{"id":60,"type":"WidgetToString","pos":[-370,2390],"size":[315,154],"flags":{"collapsed":true},"order":21,"mode":0,"inputs":[{"localized_name":"any_input","name":"any_input","shape":7,"type":"*","link":285},{"localized_name":"id","name":"id","type":"INT","widget":{"name":"id"},"link":null},{"localized_name":"widget_name","name":"widget_name","type":"STRING","widget":{"name":"widget_name"},"link":null},{"localized_name":"return_all","name":"return_all","type":"BOOLEAN","widget":{"name":"return_all"},"link":null},{"localized_name":"node_title","name":"node_title","shape":7,"type":"STRING","widget":{"name":"node_title"},"link":null},{"localized_name":"allowed_float_decimals","name":"allowed_float_decimals","shape":7,"type":"INT","widget":{"name":"allowed_float_decimals"},"link":null}],"outputs":[{"localized_name":"STRING","name":"STRING","type":"STRING","slot_index":0,"links":[105,232]}],"title":"getModelname","properties":{"cnr_id":"comfyui-kjnodes","ver":"8ecf5cd05e0a1012087b0da90eea9a13674668db","Node name for S&R":"WidgetToString","aux_id":"kijai/ComfyUI-KJNodes","widget_ue_connectable":{"id":true,"widget_name":true,"return_all":true,"node_title":true,"allowed_float_decimals":true}},"widgets_values":[0,"unet_name",false,"",2],"color":"#222","bgcolor":"#000","shape":1},{"id":13,"type":"VAELoader","pos":[-540,1370],"size":[440,60],"flags":{},"order":4,"mode":0,"inputs":[{"localized_name":"vae_name","name":"vae_name","type":"COMBO","widget":{"name":"vae_name"},"link":null}],"outputs":[{"label":" ","localized_name":"VAE","name":"VAE","type":"VAE","slot_index":0,"links":[276,277]}],"title":"VAE","properties":{"cnr_id":"comfy-core","ver":"0.3.29","Node name for S&R":"VAELoader","widget_ue_connectable":{"vae_name":true}},"widgets_values":["ae.safetensors"],"color":"#223","bgcolor":"#335","shape":1},{"id":120,"type":"DualCLIPLoaderGGUF","pos":[-90,1270],"size":[440,160],"flags":{},"order":5,"mode":0,"inputs":[{"localized_name":"clip_name1","name":"clip_name1","type":"COMBO","widget":{"name":"clip_name1"},"link":null},{"localized_name":"clip_name2","name":"clip_name2","type":"COMBO","widget":{"name":"clip_name2"},"link":null},{"localized_name":"type","name":"type","type":"COMBO","widget":{"name":"type"},"link":null}],"outputs":[{"label":" ","localized_name":"CLIP","name":"CLIP","type":"CLIP","links":[334]}],"title":"CLIP","properties":{"cnr_id":"ComfyUI-GGUF","ver":"3d673c5c098ecaa6e6027f834659ba8de534ca32","Node name for S&R":"DualCLIPLoaderGGUF","aux_id":"city96/ComfyUI-GGUF","widget_ue_connectable":{"clip_name1":true,"clip_name2":true,"type":true}},"widgets_values":["ViT-L-14-TEXT-detail-improved-hiT-GmP-TE-only-HF.safetensors","t5-v1_1-xxl-encoder-Q8_0.gguf","flux"],"color":"#223","bgcolor":"#335","shape":1},{"id":71,"type":"TorchCompileModelFluxAdvanced","pos":[-990,2390],"size":[400,262],"flags":{"collapsed":true},"order":28,"mode":4,"inputs":[{"localized_name":"model","name":"model","type":"MODEL","link":240},{"localized_name":"backend","name":"backend","type":"COMBO","widget":{"name":"backend"},"link":null},{"localized_name":"fullgraph","name":"fullgraph","type":"BOOLEAN","widget":{"name":"fullgraph"},"link":null},{"localized_name":"mode","name":"mode","type":"COMBO","widget":{"name":"mode"},"link":null},{"localized_name":"double_blocks","name":"double_blocks","type":"STRING","widget":{"name":"double_blocks"},"link":null},{"localized_name":"single_blocks","name":"single_blocks","type":"STRING","widget":{"name":"single_blocks"},"link":null},{"localized_name":"dynamic","name":"dynamic","type":"BOOLEAN","widget":{"name":"dynamic"},"link":null},{"localized_name":"dynamo_cache_size_limit","name":"dynamo_cache_size_limit","shape":7,"type":"INT","widget":{"name":"dynamo_cache_size_limit"},"link":null}],"outputs":[{"localized_name":"MODEL","name":"MODEL","type":"MODEL","links":[280,335]}],"title":"TorchCompile","properties":{"cnr_id":"comfyui-kjnodes","ver":"8ecf5cd05e0a1012087b0da90eea9a13674668db","Node name for S&R":"TorchCompileModelFluxAdvanced","aux_id":"kijai/ComfyUI-KJNodes","widget_ue_connectable":{"backend":true,"fullgraph":true,"mode":true,"double_blocks":true,"single_blocks":true,"dynamic":true,"dynamo_cache_size_limit":true}},"widgets_values":["inductor",false,"default","0-18","0-37",false,64],"color":"#222","bgcolor":"#000","shape":1},{"id":2001,"type":"ModelSamplingFlux","pos":[-770,2200],"size":[315,130],"flags":{"collapsed":true},"order":31,"mode":0,"inputs":[{"localized_name":"model","name":"model","type":"MODEL","link":335},{"localized_name":"max_shift","name":"max_shift","type":"FLOAT","widget":{"name":"max_shift"},"link":null},{"localized_name":"base_shift","name":"base_shift","type":"FLOAT","widget":{"name":"base_shift"},"link":null},{"localized_name":"width","name":"width","type":"INT","widget":{"name":"width"},"link":null},{"localized_name":"height","name":"height","type":"INT","widget":{"name":"height"},"link":null}],"outputs":[{"localized_name":"MODEL","name":"MODEL","type":"MODEL","links":[336,341]}],"properties":{"cnr_id":"comfy-core","ver":"0.3.30","Node name for S&R":"ModelSamplingFlux","widget_ue_connectable":{}},"widgets_values":[1.15,0.5,1024,1024],"color":"#222","bgcolor":"#000","shape":1},{"id":81,"type":"BasicGuider","pos":[-370,2200],"size":[300,46],"flags":{"collapsed":true},"order":36,"mode":0,"inputs":[{"localized_name":"model","name":"model","type":"MODEL","link":342},{"localized_name":"conditioning","name":"conditioning","type":"CONDITIONING","link":353}],"outputs":[{"localized_name":"GUIDER","name":"GUIDER","type":"GUIDER","slot_index":0,"links":[246]}],"properties":{"cnr_id":"comfy-core","ver":"0.3.29","Node name for S&R":"BasicGuider","widget_ue_connectable":{}},"widgets_values":[],"color":"#222","bgcolor":"#000","shape":1},{"id":84,"type":"Text Multiline","pos":[-990,1270],"size":[440,160],"flags":{},"order":6,"mode":0,"inputs":[{"localized_name":"text","name":"text","type":"STRING","widget":{"name":"text"},"link":null}],"outputs":[{"label":" ","localized_name":"STRING","name":"STRING","type":"STRING","links":[263,264,347]}],"title":"Positive","properties":{"cnr_id":"was-node-suite-comfyui","ver":"831199b898394c0385576d80628fce6b7931d317","Node name for S&R":"Text Multiline","aux_id":"WASasquatch/was-node-suite-comfyui","widget_ue_connectable":{"text":true}},"widgets_values":["A serene, dreamy scene unfolds against a soft, gradient lapis lazuli sky with layered, symmetrical clouds, and a thick white border, reminiscent of Hayao Miyazaki's whimsical style. A young, blonde-haired, small-breasted girl with pastel cyan eyes and multi-colored twin tails, adorned with hair ornaments, is shot from behind, her long, puffy sleeves and frilled skirt in dark black green hues, with a black bow and laced sleeves, evoking a sense of innocence. She stands amidst a sea of vibrant flowers, as light particles and shooting stars dance around her, imbuing the atmosphere with magic. The warm, golden light of a setting sun casts a gentle glow, with a subtle film grain and muted color grading, evoking a sense of nostalgia and wonder.\nThe painting is in the style of umesky. <lora:ume_sky_v2:1>"],"color":"#232","bgcolor":"#353","shape":1},{"id":40,"type":"Power Lora Loader (rgthree)","pos":[-990,1930],"size":[440,170],"flags":{},"order":23,"mode":0,"inputs":[{"dir":3,"label":" ","name":"model","type":"MODEL","link":283},{"dir":3,"label":" ","name":"clip","type":"CLIP","link":334}],"outputs":[{"dir":4,"label":" ","name":"MODEL","shape":3,"type":"MODEL","slot_index":0,"links":[282]},{"dir":4,"label":" ","name":"CLIP","shape":3,"type":"CLIP","slot_index":1,"links":[348]}],"title":"LoRA","properties":{"cnr_id":"rgthree-comfy","ver":"5dc53323e07a021038af9f2a4a06ebc071f7218c","Show Strengths":"Single Strength","aux_id":"rgthree/rgthree-comfy","widget_ue_connectable":{}},"widgets_values":[{},{"type":"PowerLoraLoaderHeaderWidget"},{},""],"color":"#323","bgcolor":"#535","shape":1},{"id":37,"type":"UltimateSDUpscale","pos":[660,2390],"size":[300,614],"flags":{"collapsed":true},"order":42,"mode":4,"inputs":[{"localized_name":"image","name":"image","type":"IMAGE","link":260},{"localized_name":"model","name":"model","type":"MODEL","link":280},{"localized_name":"positive","name":"positive","type":"CONDITIONING","link":354},{"localized_name":"negative","name":"negative","type":"CONDITIONING","link":257},{"localized_name":"vae","name":"vae","type":"VAE","link":276},{"localized_name":"upscale_model","name":"upscale_model","type":"UPSCALE_MODEL","link":220},{"localized_name":"upscale_by","name":"upscale_by","type":"FLOAT","widget":{"name":"upscale_by"},"link":323},{"localized_name":"seed","name":"seed","type":"INT","widget":{"name":"seed"},"link":null},{"localized_name":"steps","name":"steps","type":"INT","widget":{"name":"steps"},"link":null},{"localized_name":"cfg","name":"cfg","type":"FLOAT","widget":{"name":"cfg"},"link":null},{"localized_name":"sampler_name","name":"sampler_name","type":"COMBO","widget":{"name":"sampler_name"},"link":null},{"localized_name":"scheduler","name":"scheduler","type":"COMBO","widget":{"name":"scheduler"},"link":null},{"localized_name":"denoise","name":"denoise","type":"FLOAT","widget":{"name":"denoise"},"link":null},{"localized_name":"mode_type","name":"mode_type","type":"COMBO","widget":{"name":"mode_type"},"link":null},{"localized_name":"tile_width","name":"tile_width","type":"INT","widget":{"name":"tile_width"},"link":221},{"localized_name":"tile_height","name":"tile_height","type":"INT","widget":{"name":"tile_height"},"link":222},{"localized_name":"mask_blur","name":"mask_blur","type":"INT","widget":{"name":"mask_blur"},"link":null},{"localized_name":"tile_padding","name":"tile_padding","type":"INT","widget":{"name":"tile_padding"},"link":null},{"localized_name":"seam_fix_mode","name":"seam_fix_mode","type":"COMBO","widget":{"name":"seam_fix_mode"},"link":null},{"localized_name":"seam_fix_denoise","name":"seam_fix_denoise","type":"FLOAT","widget":{"name":"seam_fix_denoise"},"link":null},{"localized_name":"seam_fix_width","name":"seam_fix_width","type":"INT","widget":{"name":"seam_fix_width"},"link":null},{"localized_name":"seam_fix_mask_blur","name":"seam_fix_mask_blur","type":"INT","widget":{"name":"seam_fix_mask_blur"},"link":null},{"localized_name":"seam_fix_padding","name":"seam_fix_padding","type":"INT","widget":{"name":"seam_fix_padding"},"link":null},{"localized_name":"force_uniform_tiles","name":"force_uniform_tiles","type":"BOOLEAN","widget":{"name":"force_uniform_tiles"},"link":null},{"localized_name":"tiled_decode","name":"tiled_decode","type":"BOOLEAN","widget":{"name":"tiled_decode"},"link":null}],"outputs":[{"localized_name":"IMAGE","name":"IMAGE","type":"IMAGE","slot_index":0,"links":[214,226]}],"title":"Image upscale","properties":{"cnr_id":"comfyui_ultimatesdupscale","ver":"1.1.2","Node name for S&R":"UltimateSDUpscale","aux_id":"ssitu/ComfyUI_UltimateSDUpscale","widget_ue_connectable":{"upscale_by":true,"seed":true,"steps":true,"cfg":true,"sampler_name":true,"scheduler":true,"denoise":true,"mode_type":true,"tile_width":true,"tile_height":true,"mask_blur":true,"tile_padding":true,"seam_fix_mode":true,"seam_fix_denoise":true,"seam_fix_width":true,"seam_fix_mask_blur":true,"seam_fix_padding":true,"force_uniform_tiles":true,"tiled_decode":true}},"widgets_values":[2,19101592634574,"randomize",8,1,"deis","normal",0.28,"Linear",1024,1024,16,32,"None",1,64,8,16,true,false],"color":"#2a363b","bgcolor":"#3f5159","shape":1},{"id":32,"type":"mxSlider2D","pos":[-990,1470],"size":[220,170],"flags":{},"order":7,"mode":0,"inputs":[{"localized_name":"Xi","name":"Xi","type":"INT","widget":{"name":"Xi"},"link":null},{"localized_name":"Xf","name":"Xf","type":"FLOAT","widget":{"name":"Xf"},"link":null},{"localized_name":"Yi","name":"Yi","type":"INT","widget":{"name":"Yi"},"link":null},{"localized_name":"Yf","name":"Yf","type":"FLOAT","widget":{"name":"Yf"},"link":null},{"localized_name":"isfloatX","name":"isfloatX","type":"INT","widget":{"name":"isfloatX"},"link":null},{"localized_name":"isfloatY","name":"isfloatY","type":"INT","widget":{"name":"isfloatY"},"link":null}],"outputs":[{"localized_name":"","name":"","type":"INT","slot_index":0,"links":[43,221,230,356]},{"localized_name":"","name":"","type":"INT","slot_index":1,"links":[44,222,225,357]}],"title":"Image size","properties":{"valueX":896,"valueY":1152,"minX":0,"minY":0,"maxX":2048,"maxY":2048,"stepX":128,"stepY":128,"decimalsX":0,"decimalsY":0,"snap":true,"dots":true,"frame":true,"frameAlert":0,"Node name for S&R":"mxSlider2D","widget_ue_connectable":{"Xi":true,"Xf":true,"Yi":true,"Yf":true,"isfloatX":true,"isfloatY":true}},"widgets_values":[896,896,1152,1152,0,0],"color":"#432","bgcolor":"#653","shape":1},{"id":25,"type":"mxSlider","pos":[-760,1470],"size":[210,30],"flags":{},"order":8,"mode":0,"inputs":[{"localized_name":"Xi","name":"Xi","type":"INT","widget":{"name":"Xi"},"link":null},{"localized_name":"Xf","name":"Xf","type":"FLOAT","widget":{"name":"Xf"},"link":null},{"localized_name":"isfloatX","name":"isfloatX","type":"INT","widget":{"name":"isfloatX"},"link":null}],"outputs":[{"localized_name":"","name":"","type":"FLOAT","slot_index":0,"links":[27,227,349]}],"title":"Guidance","properties":{"cnr_id":"comfyui-mxtoolkit","ver":"0a3857ada2c1780188b9d5abb95f9f3e6561d976","Node name for S&R":"mxSlider","value":3,"min":0,"max":10,"step":0.1,"decimals":1,"snap":true,"aux_id":"Smirnov75/ComfyUI-mxToolkit","widget_ue_connectable":{"Xi":true,"Xf":true,"isfloatX":true}},"widgets_values":[3,3,1],"color":"#432","bgcolor":"#653","shape":1},{"id":59,"type":"BasicScheduler","pos":[-760,1530],"size":[210,110],"flags":{},"order":32,"mode":0,"inputs":[{"label":" ","localized_name":"model","name":"model","type":"MODEL","link":336},{"localized_name":"scheduler","name":"scheduler","type":"COMBO","widget":{"name":"scheduler"},"link":null},{"localized_name":"steps","name":"steps","type":"INT","widget":{"name":"steps"},"link":null},{"localized_name":"denoise","name":"denoise","type":"FLOAT","widget":{"name":"denoise"},"link":null}],"outputs":[{"label":" ","localized_name":"SIGMAS","name":"SIGMAS","type":"SIGMAS","slot_index":0,"links":[181,269,318]}],"title":"Scheduler","properties":{"cnr_id":"comfy-core","ver":"0.3.29","Node name for S&R":"BasicScheduler","widget_ue_connectable":{"scheduler":true,"steps":true,"denoise":true}},"widgets_values":["normal",30,1],"color":"#432","bgcolor":"#653","shape":1},{"id":82,"type":"SamplerCustomAdvanced","pos":[-70,2200],"size":[300,106],"flags":{"collapsed":true},"order":38,"mode":0,"inputs":[{"localized_name":"noise","name":"noise","type":"NOISE","link":245},{"localized_name":"guider","name":"guider","type":"GUIDER","link":246},{"localized_name":"sampler","name":"sampler","type":"SAMPLER","link":253},{"localized_name":"sigmas","name":"sigmas","type":"SIGMAS","link":269},{"localized_name":"latent_image","name":"latent_image","type":"LATENT","link":355}],"outputs":[{"localized_name":"output","name":"output","type":"LATENT","slot_index":0,"links":[296]},{"localized_name":"denoised_output","name":"denoised_output","type":"LATENT","links":null}],"properties":{"cnr_id":"comfy-core","ver":"0.3.29","Node name for S&R":"SamplerCustomAdvanced","widget_ue_connectable":{}},"widgets_values":[],"color":"#222","bgcolor":"#000","shape":1},{"id":1996,"type":"PulidFluxInsightFaceLoader","pos":[660,2200],"size":[314.3248291015625,58],"flags":{"collapsed":true},"order":9,"mode":0,"inputs":[{"localized_name":"provider","name":"provider","type":"COMBO","widget":{"name":"provider"},"link":null}],"outputs":[{"localized_name":"FACEANALYSIS","name":"FACEANALYSIS","type":"FACEANALYSIS","slot_index":0,"links":[339]}],"title":"Load InsightFace","properties":{"cnr_id":"comfyui_pulid_flux_ll","ver":"ba90657fe6ffa8072ac169a949bfa5e4153bf48a","Node name for S&R":"PulidFluxInsightFaceLoader","widget_ue_connectable":{}},"widgets_values":["CUDA"],"color":"#222","bgcolor":"#000","shape":1},{"id":1995,"type":"PulidFluxEvaClipLoader","pos":[660,2250],"size":[314.05816650390625,26],"flags":{"collapsed":true},"order":10,"mode":0,"inputs":[],"outputs":[{"localized_name":"EVA_CLIP","name":"EVA_CLIP","type":"EVA_CLIP","slot_index":0,"links":[338]}],"title":"Load Eva Clip","properties":{"cnr_id":"comfyui_pulid_flux_ll","ver":"ba90657fe6ffa8072ac169a949bfa5e4153bf48a","Node name for S&R":"PulidFluxEvaClipLoader","widget_ue_connectable":{}},"widgets_values":[],"color":"#222","bgcolor":"#000","shape":1},{"id":38,"type":"UpscaleModelLoader","pos":[360,1270],"size":[440,60],"flags":{},"order":11,"mode":0,"inputs":[{"localized_name":"model_name","name":"model_name","type":"COMBO","widget":{"name":"model_name"},"link":null}],"outputs":[{"label":" ","localized_name":"UPSCALE_MODEL","name":"UPSCALE_MODEL","type":"UPSCALE_MODEL","slot_index":0,"links":[220]}],"title":"Upscale Model","properties":{"cnr_id":"comfy-core","ver":"0.3.29","Node name for S&R":"UpscaleModelLoader","widget_ue_connectable":{"model_name":true}},"widgets_values":["RealESRGAN_x4plus_anime_6B.pth"],"color":"#223","bgcolor":"#335","shape":1},{"id":36,"type":"Image Comparer (rgthree)","pos":[360,1470],"size":[440,630],"flags":{"collapsed":false},"order":44,"mode":0,"inputs":[{"dir":3,"label":" ","name":"image_a","type":"IMAGE","link":259},{"dir":3,"label":" ","name":"image_b","type":"IMAGE","link":226}],"outputs":[],"title":"Image Comparer","properties":{"cnr_id":"rgthree-comfy","ver":"5dc53323e07a021038af9f2a4a06ebc071f7218c","comparer_mode":"Slide","aux_id":"rgthree/rgthree-comfy","widget_ue_connectable":{}},"widgets_values":[[{"name":"A","selected":true,"url":"/api/view?filename=rgthree.compare._temp_smuyd_00003_.png&type=temp&subfolder=&rand=0.04888045046392653"},{"name":"B","selected":true,"url":"/api/view?filename=rgthree.compare._temp_smuyd_00004_.png&type=temp&subfolder=&rand=0.985539883726456"}]],"color":"#233","bgcolor":"#355","shape":1},{"id":1409,"type":"LoadImage","pos":[-90,1540],"size":[440,560],"flags":{},"order":12,"mode":0,"inputs":[{"localized_name":"image","name":"image","type":"COMBO","widget":{"name":"image"},"link":null},{"localized_name":"choose file to upload","name":"upload","type":"IMAGEUPLOAD","widget":{"name":"upload"},"link":null}],"outputs":[{"label":" ","localized_name":"IMAGE","name":"IMAGE","type":"IMAGE","slot_index":0,"links":[345]},{"label":" ","localized_name":"MASK","name":"MASK","type":"MASK","links":null}],"title":"Load style","properties":{"cnr_id":"comfy-core","ver":"0.3.30","Node name for S&R":"LoadImage","widget_ue_connectable":{}},"widgets_values":["R (2).jpg","image"],"color":"#432","bgcolor":"#653","shape":1},{"id":1990,"type":"StyleModelApply","pos":[-980,2250],"size":[320,122],"flags":{"collapsed":true},"order":29,"mode":0,"inputs":[{"localized_name":"conditioning","name":"conditioning","type":"CONDITIONING","link":352},{"localized_name":"style_model","name":"style_model","type":"STYLE_MODEL","link":343},{"localized_name":"clip_vision_output","name":"clip_vision_output","type":"CLIP_VISION_OUTPUT","link":346},{"localized_name":"strength","name":"strength","type":"FLOAT","widget":{"name":"strength"},"link":358},{"localized_name":"strength_type","name":"strength_type","type":"COMBO","widget":{"name":"strength_type"},"link":null}],"outputs":[{"localized_name":"CONDITIONING","name":"CONDITIONING","type":"CONDITIONING","slot_index":0,"links":[353]}],"title":"Apply Style","properties":{"cnr_id":"comfy-core","ver":"0.3.30","Node name for S&R":"StyleModelApply","widget_ue_connectable":{}},"widgets_values":[1,"multiply"],"color":"#222","bgcolor":"#000","shape":1},{"id":1989,"type":"CLIPVisionEncode","pos":[-990,2200],"size":[290,78],"flags":{"collapsed":true},"order":25,"mode":0,"inputs":[{"localized_name":"clip_vision","name":"clip_vision","type":"CLIP_VISION","link":344},{"localized_name":"image","name":"image","type":"IMAGE","link":345},{"localized_name":"crop","name":"crop","type":"COMBO","widget":{"name":"crop"},"link":null}],"outputs":[{"localized_name":"CLIP_VISION_OUTPUT","name":"CLIP_VISION_OUTPUT","type":"CLIP_VISION_OUTPUT","slot_index":0,"links":[346]}],"title":"Vision Encode","properties":{"cnr_id":"comfy-core","ver":"0.3.30","Node name for S&R":"CLIPVisionEncode","widget_ue_connectable":{}},"widgets_values":["center"],"color":"#222","bgcolor":"#000","shape":1},{"id":2003,"type":"mxSlider","pos":[-540,1470],"size":[440,30],"flags":{"collapsed":false},"order":13,"mode":0,"inputs":[{"localized_name":"Xi","name":"Xi","type":"INT","widget":{"name":"Xi"},"link":null},{"localized_name":"Xf","name":"Xf","type":"FLOAT","widget":{"name":"Xf"},"link":null},{"localized_name":"isfloatX","name":"isfloatX","type":"INT","widget":{"name":"isfloatX"},"link":null}],"outputs":[{"localized_name":"","name":"","type":"FLOAT","links":[359]}],"title":"Face strength","properties":{"cnr_id":"comfyui-mxtoolkit","ver":"8cc1e3cda0bac9ac82294e3a363ef02eb23b95dc","Node name for S&R":"mxSlider","value":1,"min":0,"max":1,"step":0.01,"decimals":2,"snap":true,"widget_ue_connectable":{}},"widgets_values":[1,1,1],"color":"#432","bgcolor":"#653","shape":1},{"id":1998,"type":"ApplyPulidFlux","pos":[660,2300],"size":[315,346],"flags":{"collapsed":true},"order":33,"mode":0,"inputs":[{"localized_name":"model","name":"model","type":"MODEL","link":341},{"localized_name":"pulid_flux","name":"pulid_flux","type":"PULIDFLUX","link":337},{"localized_name":"eva_clip","name":"eva_clip","type":"EVA_CLIP","link":338},{"localized_name":"face_analysis","name":"face_analysis","type":"FACEANALYSIS","link":339},{"localized_name":"image","name":"image","type":"IMAGE","link":340},{"localized_name":"attn_mask","name":"attn_mask","shape":7,"type":"MASK","link":null},{"localized_name":"options","name":"options","shape":7,"type":"OPTIONS","link":null},{"localized_name":"weight","name":"weight","type":"FLOAT","widget":{"name":"weight"},"link":359},{"localized_name":"start_at","name":"start_at","type":"FLOAT","widget":{"name":"start_at"},"link":null},{"localized_name":"end_at","name":"end_at","type":"FLOAT","widget":{"name":"end_at"},"link":null},{"localized_name":"prior_image","name":"prior_image","shape":7,"type":"IMAGE","link":null}],"outputs":[{"localized_name":"MODEL","name":"MODEL","type":"MODEL","slot_index":0,"links":[342]}],"properties":{"cnr_id":"comfyui_pulid_flux_ll","ver":"ba90657fe6ffa8072ac169a949bfa5e4153bf48a","Node name for S&R":"ApplyPulidFlux","widget_ue_connectable":{}},"widgets_values":[1,0,1],"color":"#222","bgcolor":"#000","shape":1},{"id":1999,"type":"EmptySD3LatentImage","pos":[-370,2300],"size":[315,106],"flags":{"collapsed":true},"order":24,"mode":0,"inputs":[{"localized_name":"width","name":"width","type":"INT","widget":{"name":"width"},"link":356},{"localized_name":"height","name":"height","type":"INT","widget":{"name":"height"},"link":357},{"localized_name":"batch_size","name":"batch_size","type":"INT","widget":{"name":"batch_size"},"link":null}],"outputs":[{"localized_name":"LATENT","name":"LATENT","type":"LATENT","links":[355]}],"properties":{"cnr_id":"comfy-core","ver":"0.3.30","Node name for S&R":"EmptySD3LatentImage","widget_ue_connectable":{}},"widgets_values":[1024,1024,1],"color":"#222","bgcolor":"#000","shape":1},{"id":1402,"type":"CLIPVisionLoader","pos":[-1410,2290],"size":[370,60],"flags":{},"order":14,"mode":0,"inputs":[{"localized_name":"clip_name","name":"clip_name","type":"COMBO","widget":{"name":"clip_name"},"link":null}],"outputs":[{"localized_name":"CLIP_VISION","name":"CLIP_VISION","type":"CLIP_VISION","slot_index":0,"links":[344]}],"properties":{"cnr_id":"comfy-core","ver":"0.3.30","Node name for S&R":"CLIPVisionLoader","widget_ue_connectable":{}},"widgets_values":["sigclip_vision_patch14_384.safetensors"],"color":"#223","bgcolor":"#335","shape":1},{"id":1403,"type":"StyleModelLoader","pos":[-1410,2390],"size":[370,60],"flags":{},"order":15,"mode":0,"inputs":[{"localized_name":"style_model_name","name":"style_model_name","type":"COMBO","widget":{"name":"style_model_name"},"link":null}],"outputs":[{"localized_name":"STYLE_MODEL","name":"STYLE_MODEL","type":"STYLE_MODEL","slot_index":0,"links":[343]}],"properties":{"cnr_id":"comfy-core","ver":"0.3.30","Node name for S&R":"StyleModelLoader","widget_ue_connectable":{}},"widgets_values":["flux1-redux-dev.safetensors"],"color":"#223","bgcolor":"#335","shape":1},{"id":1997,"type":"PulidFluxModelLoader","pos":[320,2440],"size":[315,58],"flags":{},"order":16,"mode":0,"inputs":[{"localized_name":"pulid_file","name":"pulid_file","type":"COMBO","widget":{"name":"pulid_file"},"link":null}],"outputs":[{"localized_name":"PULIDFLUX","name":"PULIDFLUX","type":"PULIDFLUX","slot_index":0,"links":[337]}],"properties":{"cnr_id":"comfyui_pulid_flux_ll","ver":"ba90657fe6ffa8072ac169a949bfa5e4153bf48a","Node name for S&R":"PulidFluxModelLoader","widget_ue_connectable":{}},"widgets_values":["pulid_flux_v0.9.0.safetensors"],"color":"#223","bgcolor":"#335","shape":1},{"id":1401,"type":"workflow>postiveguid","pos":[-770,2250],"size":[428.1510314941406,199.17959594726562],"flags":{"collapsed":true},"order":27,"mode":0,"inputs":[{"localized_name":"clip","name":"clip","type":"CLIP","link":348},{"localized_name":"text","name":"text","type":"STRING","widget":{"name":"text"},"link":347},{"localized_name":"guidance","name":"guidance","type":"FLOAT","widget":{"name":"guidance"},"link":349}],"outputs":[{"localized_name":"CONDITIONING","name":"CONDITIONING","type":"CONDITIONING","slot_index":0,"links":[352,354,360]}],"title":"positive prompt","properties":{"Node name for S&R":"workflow>postiveguid","widget_ue_connectable":{}},"widgets_values":["A beautiful woman in a business suit",3],"color":"#222","bgcolor":"#000","shape":1},{"id":80,"type":"ConditioningZeroOut","pos":[-370,2250],"size":[234.96063232421875,26],"flags":{"collapsed":true},"order":30,"mode":0,"inputs":[{"localized_name":"conditioning","name":"conditioning","type":"CONDITIONING","link":360}],"outputs":[{"localized_name":"CONDITIONING","name":"CONDITIONING","type":"CONDITIONING","slot_index":0,"links":[257]}],"properties":{"cnr_id":"comfy-core","ver":"0.3.29","Node name for S&R":"ConditioningZeroOut","widget_ue_connectable":{}},"widgets_values":[],"color":"#222","bgcolor":"#000","shape":1},{"id":1398,"type":"LoadImage","pos":[-540,1540],"size":[440,560],"flags":{},"order":17,"mode":0,"inputs":[{"localized_name":"image","name":"image","type":"COMBO","widget":{"name":"image"},"link":null},{"localized_name":"choose file to upload","name":"upload","type":"IMAGEUPLOAD","widget":{"name":"upload"},"link":null}],"outputs":[{"label":" ","localized_name":"IMAGE","name":"IMAGE","type":"IMAGE","slot_index":0,"links":[340]},{"label":" ","localized_name":"MASK","name":"MASK","type":"MASK","links":null}],"title":"Load face","properties":{"cnr_id":"comfy-core","ver":"0.3.30","Node name for S&R":"LoadImage","widget_ue_connectable":{}},"widgets_values":["1315441-Staline.jpg","image"],"color":"#432","bgcolor":"#653","shape":1},{"id":103,"type":"Fast Groups Bypasser (rgthree)","pos":[820,1960],"size":[310,154],"flags":{},"order":18,"mode":0,"inputs":[],"outputs":[{"label":" ","name":"OPT_CONNECTION","type":"*","links":null}],"title":"Activate fonction","properties":{"matchColors":"#696969","matchTitle":"","showNav":false,"sort":"position","customSortAlphabet":"","toggleRestriction":"default","widget_ue_connectable":{}},"color":"#2a363b","bgcolor":"#3f5159","shape":1},{"id":2002,"type":"mxSlider","pos":[-90,1470],"size":[440,30],"flags":{},"order":19,"mode":0,"inputs":[{"localized_name":"Xi","name":"Xi","type":"INT","widget":{"name":"Xi"},"link":null},{"localized_name":"Xf","name":"Xf","type":"FLOAT","widget":{"name":"Xf"},"link":null},{"localized_name":"isfloatX","name":"isfloatX","type":"INT","widget":{"name":"isfloatX"},"link":null}],"outputs":[{"localized_name":"","name":"","type":"FLOAT","links":[358]}],"title":"Style strength","properties":{"cnr_id":"comfyui-mxtoolkit","ver":"8cc1e3cda0bac9ac82294e3a363ef02eb23b95dc","Node name for S&R":"mxSlider","value":1,"min":0,"max":1,"step":0.01,"decimals":2,"snap":true,"widget_ue_connectable":{}},"widgets_values":[1,1,1],"color":"#432","bgcolor":"#653","shape":1}],"links":[[27,25,0,22,5,"FLOAT"],[43,32,0,22,12,"INT"],[44,32,1,22,13,"INT"],[88,52,0,22,7,"STRING"],[90,53,0,22,8,"STRING"],[105,60,0,22,6,"STRING"],[176,48,0,52,0,"*"],[178,47,0,22,11,"INT"],[181,59,0,53,0,"*"],[214,37,0,39,0,"IMAGE"],[220,38,0,37,5,"UPSCALE_MODEL"],[221,32,0,37,14,"INT"],[222,32,1,37,15,"INT"],[224,53,0,39,8,"STRING"],[225,32,1,39,13,"INT"],[226,37,0,36,1,"IMAGE"],[227,25,0,39,5,"FLOAT"],[228,47,0,39,11,"INT"],[230,32,0,39,12,"INT"],[232,60,0,39,6,"STRING"],[233,52,0,39,7,"STRING"],[240,72,0,71,0,"MODEL"],[245,77,0,82,0,"NOISE"],[246,81,0,82,1,"GUIDER"],[253,48,0,82,2,"SAMPLER"],[257,80,0,37,3,"CONDITIONING"],[258,83,0,22,0,"IMAGE"],[259,83,0,36,0,"IMAGE"],[260,83,0,37,0,"IMAGE"],[263,84,0,22,9,"STRING"],[264,84,0,39,9,"STRING"],[265,47,0,77,0,"INT"],[269,59,0,82,3,"SIGMAS"],[276,13,0,37,4,"VAE"],[277,13,0,83,1,"VAE"],[280,71,0,37,1,"MODEL"],[282,40,0,72,0,"MODEL"],[283,91,0,40,0,"MODEL"],[285,91,0,60,0,"*"],[296,82,0,83,0,"LATENT"],[318,59,0,104,0,"*"],[323,55,0,37,6,"FLOAT"],[324,104,0,109,0,"STRING"],[325,109,0,110,0,"NUMBER"],[326,110,0,22,4,"INT"],[327,110,0,39,4,"INT"],[334,120,0,40,1,"CLIP"],[335,71,0,2001,0,"MODEL"],[336,2001,0,59,0,"MODEL"],[337,1997,0,1998,1,"PULIDFLUX"],[338,1995,0,1998,2,"EVA_CLIP"],[339,1996,0,1998,3,"FACEANALYSIS"],[340,1398,0,1998,4,"IMAGE"],[341,2001,0,1998,0,"MODEL"],[342,1998,0,81,0,"MODEL"],[343,1403,0,1990,1,"STYLE_MODEL"],[344,1402,0,1989,0,"CLIP_VISION"],[345,1409,0,1989,1,"IMAGE"],[346,1989,0,1990,2,"CLIP_VISION_OUTPUT"],[347,84,0,1401,1,"STRING"],[348,40,1,1401,0,"CLIP"],[349,25,0,1401,2,"FLOAT"],[352,1401,0,1990,0,"CONDITIONING"],[353,1990,0,81,1,"CONDITIONING"],[354,1401,0,37,2,"CONDITIONING"],[355,1999,0,82,4,"LATENT"],[356,32,0,1999,0,"INT"],[357,32,1,1999,1,"INT"],[358,2002,0,1990,3,"FLOAT"],[359,2003,0,1998,7,"FLOAT"],[360,1401,0,80,0,"CONDITIONING"]],"groups":[{"id":1,"title":"UmeAiRT - PuLID + Redux","bounding":[-1000,1200,1810,910],"color":"#444","font_size":24,"flags":{}},{"id":2,"title":"Torch compile","bounding":[-1000,2270,160,130],"color":"#696969","font_size":24,"flags":{}},{"id":3,"title":"Upscale","bounding":[650,2320,160,140],"color":"#696969","font_size":24,"flags":{}},{"id":4,"title":"Backend","bounding":[-830,2120,1470,190],"color":"#444","font_size":24,"flags":{}},{"id":5,"title":"Metadata","bounding":[-830,2320,1470,80],"color":"#444","font_size":24,"flags":{}},{"id":6,"title":"Face import (PuLID)","bounding":[650,2120,170,190],"color":"#696969","font_size":24,"flags":{}},{"id":7,"title":"Style import (Redux)","bounding":[-1000,2120,160,140],"color":"#696969","font_size":24,"flags":{}}],"config":{},"extra":{"ds":{"scale":1.1322773360655767,"offset":[1081.3630515499722,-1104.0828356520815]},"frontendVersion":"1.17.11","node_versions":{"comfyui-mxtoolkit":"0.9.8","comfy-core":"0.3.14","comfyui-kjnodes":"1.0.5","rgthree-comfy":"1.0.0","comfyui-image-saver":"1.4.0","comfyui_ultimatesdupscale":"ff3fdfeee03de46d4462211cffd165d27155e858","ComfyUI-GGUF":"5875c52f59baca3a9372d68c43a3775e21846fe0"},"groupNodes":{"postiveguid":{"nodes":[{"id":-1,"type":"CLIPTextEncode","pos":[-8905.3916015625,10545.6640625],"size":[422.84503173828125,164.31304931640625],"flags":{},"order":303,"mode":0,"inputs":[{"name":"clip","type":"CLIP","link":null,"localized_name":"clip"},{"name":"text","localized_name":"text","type":"STRING","widget":{"name":"text"},"boundingRect":[0,0,0,0],"link":null}],"outputs":[{"name":"CONDITIONING","type":"CONDITIONING","links":[],"slot_index":0,"localized_name":"CONDITIONING"}],"title":"CLIP Text Encode (Positive Prompt)","properties":{"Node name for S&R":"CLIPTextEncode"},"widgets_values":["Sydney Sweeney"],"color":"#232","bgcolor":"#353","index":0},{"id":-1,"type":"FluxGuidance","pos":[-8388.3935546875,10610.8876953125],"size":[317.4000244140625,58],"flags":{},"order":327,"mode":0,"inputs":[{"name":"conditioning","type":"CONDITIONING","link":null,"localized_name":"conditioning"},{"name":"guidance","localized_name":"guidance","type":"FLOAT","widget":{"name":"guidance"},"boundingRect":[0,0,0,0],"link":null}],"outputs":[{"name":"CONDITIONING","type":"CONDITIONING","links":[],"slot_index":0,"localized_name":"CONDITIONING"}],"properties":{"Node name for S&R":"FluxGuidance"},"widgets_values":[30],"index":1}],"links":[[null,1,0,0,1255,"CLIP"],[0,0,1,0,1256,"CONDITIONING"]],"external":[[1,0,"CONDITIONING"]]},"positive prompt":{"nodes":[{"id":-1,"type":"CLIPTextEncode","pos":[-8905.3916015625,10545.6640625],"size":[422.84503173828125,164.31304931640625],"flags":{},"order":303,"mode":0,"inputs":[{"name":"clip","type":"CLIP","link":null,"localized_name":"clip"},{"name":"text","localized_name":"text","type":"STRING","widget":{"name":"text"},"boundingRect":[0,0,0,0],"link":null}],"outputs":[{"name":"CONDITIONING","type":"CONDITIONING","links":[],"slot_index":0,"localized_name":"CONDITIONING"}],"title":"CLIP Text Encode (Positive Prompt)","properties":{"Node name for S&R":"CLIPTextEncode"},"widgets_values":["Sydney Sweeney"],"color":"#232","bgcolor":"#353","index":0},{"id":-1,"type":"FluxGuidance","pos":[-8388.3935546875,10610.8876953125],"size":[317.4000244140625,58],"flags":{},"order":327,"mode":0,"inputs":[{"name":"conditioning","type":"CONDITIONING","link":null,"localized_name":"conditioning"},{"name":"guidance","localized_name":"guidance","type":"FLOAT","widget":{"name":"guidance"},"boundingRect":[0,0,0,0],"link":null}],"outputs":[{"name":"CONDITIONING","type":"CONDITIONING","links":[],"slot_index":0,"localized_name":"CONDITIONING"}],"properties":{"Node name for S&R":"FluxGuidance"},"widgets_values":[30],"index":1}],"links":[[null,1,0,0,1255,"CLIP"],[0,0,1,0,1256,"CONDITIONING"]],"external":[[1,0,"CONDITIONING"]]}},"VHS_latentpreview":false,"VHS_latentpreviewrate":0,"VHS_MetadataImage":true,"VHS_KeepIntermediate":true,"ue_links":[],"links_added_by_ue":[]},"version":0.4}