{"last_node_id":115,"last_link_id":410,"nodes":[{"id":38,"type":"UpscaleModelLoader","pos":[360,1270],"size":[440,60],"flags":{},"order":0,"mode":0,"inputs":[],"outputs":[{"name":"UPSCALE_MODEL","localized_name":"UPSCALE_MODEL","type":"UPSCALE_MODEL","links":[384],"slot_index":0}],"title":"Upscale Model","properties":{"Node name for S&R":"UpscaleModelLoader"},"widgets_values":["4x_NMKD-Siax_200k.pth"],"color":"#223","bgcolor":"#335","shape":1},{"id":25,"type":"mxSlider","pos":[-990,1660],"size":[210,30],"flags":{},"order":1,"mode":0,"inputs":[],"outputs":[{"name":"","localized_name":"X","type":"FLOAT","links":[227],"slot_index":0}],"title":"Guidance","properties":{"Node name for S&R":"mxSlider","value":3.5,"min":0,"max":10,"step":0.1,"decimals":1,"snap":true},"widgets_values":[3,3.5,1],"color":"#432","bgcolor":"#653","shape":1},{"id":60,"type":"WidgetToString","pos":[540,2040],"size":[315,154],"flags":{"collapsed":true},"order":11,"mode":0,"inputs":[{"name":"any_input","localized_name":"any_input","type":"*","shape":7,"link":294}],"outputs":[{"name":"STRING","localized_name":"STRING","type":"STRING","links":[232],"slot_index":0}],"title":"getModelname","properties":{"Node name for S&R":"WidgetToString"},"widgets_values":[0,"unet_name",false,"",2]},{"id":84,"type":"UnetLoaderGGUF","pos":[-540,1270],"size":[440,58],"flags":{},"order":2,"mode":0,"inputs":[],"outputs":[{"name":"MODEL","localized_name":"MODEL","type":"MODEL","links":[293,294],"slot_index":0}],"title":"Model","properties":{"Node name for S&R":"UnetLoaderGGUF"},"widgets_values":["flux1-dev-Q8_0.gguf"],"color":"#223","bgcolor":"#335","shape":1},{"id":13,"type":"VAELoader","pos":[-540,1370],"size":[440,60],"flags":{},"order":3,"mode":0,"inputs":[],"outputs":[{"name":"VAE","localized_name":"VAE","type":"VAE","links":[383],"slot_index":0}],"title":"VAE","properties":{"Node name for S&R":"VAELoader"},"widgets_values":["ae.safetensors"],"color":"#223","bgcolor":"#335","shape":1},{"id":85,"type":"DualCLIPLoaderGGUF","pos":[-90,1270],"size":[440,160],"flags":{},"order":4,"mode":0,"inputs":[],"outputs":[{"name":"CLIP","localized_name":"CLIP","type":"CLIP","links":[295],"slot_index":0}],"title":"CLIP","properties":{"Node name for S&R":"DualCLIPLoaderGGUF"},"widgets_values":["ViT-L-14-TEXT-detail-improved-hiT-GmP-TE-only-HF.safetensors","t5-v1_1-xxl-encoder-Q8_0.gguf","flux"],"color":"#223","bgcolor":"#335","shape":1},{"id":52,"type":"WidgetToString","pos":[199.40206909179688,2037.90234375],"size":[315,154],"flags":{"collapsed":true},"order":15,"mode":0,"inputs":[{"name":"any_input","localized_name":"any_input","type":"*","shape":7,"link":391}],"outputs":[{"name":"STRING","localized_name":"STRING","type":"STRING","links":[233],"slot_index":0}],"title":"getSampler","properties":{"Node name for S&R":"WidgetToString"},"widgets_values":[0,"sampler_name",false,"",2]},{"id":24,"type":"mxSlider","pos":[-770,1660],"size":[220,30],"flags":{},"order":5,"mode":0,"inputs":[],"outputs":[{"name":"","localized_name":"X","type":"INT","links":[223],"slot_index":0}],"title":"Steps","properties":{"Node name for S&R":"mxSlider","value":30,"min":0,"max":100,"step":1,"decimals":0,"snap":true},"widgets_values":[30,30,0],"color":"#432","bgcolor":"#653","shape":1},{"id":47,"type":"Seed Generator (Image Saver)","pos":[-990,1800],"size":[440,90],"flags":{},"order":6,"mode":0,"inputs":[],"outputs":[{"name":"INT","localized_name":"INT","type":"INT","links":[228],"slot_index":0}],"title":"Seed","properties":{"Node name for S&R":"Seed Generator (Image Saver)"},"widgets_values":[631220449593815,"randomize"],"color":"#432","bgcolor":"#653","shape":1},{"id":40,"type":"Power Lora Loader (rgthree)","pos":[-990,1930],"size":[440,170],"flags":{},"order":12,"mode":0,"inputs":[{"name":"model","type":"MODEL","dir":3,"link":293},{"name":"clip","type":"CLIP","dir":3,"link":295}],"outputs":[{"name":"MODEL","type":"MODEL","dir":4,"shape":3,"links":[381],"slot_index":0},{"name":"CLIP","type":"CLIP","dir":4,"shape":3,"links":[403,405],"slot_index":1}],"title":"LoRA","properties":{"Show Strengths":"Single Strength"},"widgets_values":[null,{"type":"PowerLoraLoaderHeaderWidget"},{"on":false,"lora":"ume_sky_v2.safetensors","strength":0.7,"strengthTwo":null},{"on":false,"lora":"Grimmold.safetensors","strength":0.5,"strengthTwo":null},null,""],"color":"#323","bgcolor":"#535","shape":1},{"id":89,"type":"ShowText|pysssss","pos":[-990,1470],"size":[440,150],"flags":{"collapsed":false},"order":17,"mode":0,"inputs":[{"name":"text","type":"STRING","widget":{"name":"text"},"link":397}],"outputs":[{"name":"STRING","localized_name":"STRING","type":"STRING","shape":6,"links":[406],"slot_index":0}],"title":"Florence text","properties":{"Node name for S&R":"ShowText|pysssss"},"widgets_values":["","The image is a digital illustration of a young woman with long white hair. She is wearing a dark green jacket with gold accents and a black collar. The woman is holding a golden sword in her right hand and is looking off to the side with a serious expression on her face. The background is black with orange and yellow sparks flying around her. The overall mood of the image is dark and mysterious."],"color":"#2a363b","bgcolor":"#3f5159","shape":1},{"id":31,"type":"String Literal (Image Saver)","pos":[-990,1270],"size":[440,160],"flags":{},"order":7,"mode":0,"inputs":[],"outputs":[{"name":"STRING","localized_name":"STRING","type":"STRING","links":[229,404],"slot_index":0}],"title":"Prompt","properties":{"Node name for S&R":"String Literal (Image Saver)"},"widgets_values":[""],"color":"#232","bgcolor":"#353","shape":1},{"id":53,"type":"WidgetToString","pos":[370,2040],"size":[315,154],"flags":{"collapsed":true},"order":16,"mode":0,"inputs":[{"name":"any_input","localized_name":"any_input","type":"*","shape":7,"link":392}],"outputs":[{"name":"STRING","localized_name":"STRING","type":"STRING","links":[224],"slot_index":0}],"title":"getScheduler","properties":{"Node name for S&R":"WidgetToString"},"widgets_values":[0,"scheduler",false,"",2]},{"id":91,"type":"ConditioningCombine","pos":[430,1380],"size":[228.39999389648438,46],"flags":{"collapsed":true},"order":18,"mode":0,"inputs":[{"name":"conditioning_1","localized_name":"conditioning_1","type":"CONDITIONING","link":396},{"name":"conditioning_2","localized_name":"conditioning_2","type":"CONDITIONING","link":398}],"outputs":[{"name":"CONDITIONING","localized_name":"CONDITIONING","type":"CONDITIONING","shape":3,"links":[382,407],"slot_index":0}],"title":"Activate Florence","properties":{"Node name for S&R":"ConditioningCombine"},"widgets_values":[],"color":"#432","bgcolor":"#653","shape":1},{"id":114,"type":"workflow>Florence","pos":[660,1380],"size":[745.800048828125,702],"flags":{"collapsed":true},"order":20,"mode":0,"inputs":[{"name":"lora","localized_name":"lora","type":"PEFTLORA","link":null},{"name":"image","localized_name":"image","type":"IMAGE","link":402},{"name":"clip","localized_name":"clip","type":"CLIP","link":403},{"name":"CLIPTextEncode clip","localized_name":"CLIPTextEncode clip","type":"CLIP","link":405},{"name":"conditioning","localized_name":"conditioning","type":"CONDITIONING","link":407},{"name":"GetImageSizeAndCount image","localized_name":"GetImageSizeAndCount image","type":"IMAGE","link":408},{"name":"text","type":"STRING","widget":{"name":"text"},"link":404},{"name":"CLIPTextEncode text","type":"STRING","widget":{"name":"CLIPTextEncode text"},"link":406}],"outputs":[{"name":"image","localized_name":"image","type":"IMAGE","links":null},{"name":"mask","localized_name":"mask","type":"MASK","links":null},{"name":"data","localized_name":"data","type":"JSON","links":null},{"name":"CONDITIONING","localized_name":"CONDITIONING","type":"CONDITIONING","links":[396]},{"name":"result_text","localized_name":"result_text","type":"STRING","links":[397]},{"name":"replacement_count_number","localized_name":"replacement_count_number","type":"NUMBER","links":null},{"name":"replacement_count_float","localized_name":"replacement_count_float","type":"FLOAT","links":null},{"name":"replacement_count_int","localized_name":"replacement_count_int","type":"INT","links":null},{"name":"CLIPTextEncode CONDITIONING","localized_name":"CLIPTextEncode CONDITIONING","type":"CONDITIONING","links":[398]},{"name":"ConditioningZeroOut CONDITIONING","localized_name":"ConditioningZeroOut CONDITIONING","type":"CONDITIONING","links":[399]},{"name":"GetImageSizeAndCount image","localized_name":"GetImageSizeAndCount image","type":"IMAGE","links":null},{"name":"width","localized_name":"width","type":"INT","links":[400]},{"name":"height","localized_name":"height","type":"INT","links":[401]},{"name":"count","localized_name":"count","type":"INT","links":null}],"properties":{"Node name for S&R":"workflow>Florence"},"widgets_values":["microsoft/Florence-2-base","fp16","sdpa","","more_detailed_caption",true,false,1024,3,true,"",670598774342994,"randomize","The image shows","sharp photo of","beautiful scenery nature glass bottle landscape, , purple galaxy bottle,","The image is a close-up portrait of a young woman with blonde hair. She is facing away from the camera, with her head turned slightly to the side. Her hair is styled in a short, layered bob with bangs framing her face. She has a slight smile on her lips and her eyes are looking off to the left side of the image. The woman is wearing a blue long-sleeved shirt with a pocket on the front. The background is a plain white wall. The lighting is soft and natural, highlighting the woman's features."],"color":"#2a363b","bgcolor":"#3f5159","shape":1},{"id":70,"type":"LoadImage","pos":[-540,1470],"size":[440,630],"flags":{},"order":8,"mode":0,"inputs":[],"outputs":[{"name":"IMAGE","localized_name":"IMAGE","type":"IMAGE","links":[380,402],"slot_index":0},{"name":"MASK","localized_name":"MASK","type":"MASK","links":null}],"properties":{"Node name for S&R":"LoadImage"},"widgets_values":["2025-02-23-2214_807022516717165_Original.png","image"],"color":"#432","bgcolor":"#653","shape":1},{"id":104,"type":"mxSlider","pos":[-770,1730],"size":[220,30],"flags":{},"order":9,"mode":0,"inputs":[],"outputs":[{"name":"","localized_name":"X","type":"FLOAT","links":[385],"slot_index":0}],"title":"Upscale ratio","properties":{"Node name for S&R":"mxSlider","value":2,"min":0,"max":10,"step":1,"decimals":1,"snap":true},"widgets_values":[2,2,1],"color":"#432","bgcolor":"#653","shape":1},{"id":112,"type":"UltimateSDUpscale","pos":[430,1430],"size":[315,614],"flags":{"collapsed":true},"order":19,"mode":0,"inputs":[{"name":"image","localized_name":"image","type":"IMAGE","link":380},{"name":"model","localized_name":"model","type":"MODEL","link":381},{"name":"positive","localized_name":"positive","type":"CONDITIONING","link":382},{"name":"negative","localized_name":"negative","type":"CONDITIONING","link":399},{"name":"vae","localized_name":"vae","type":"VAE","link":383},{"name":"upscale_model","localized_name":"upscale_model","type":"UPSCALE_MODEL","link":384},{"name":"upscale_by","type":"FLOAT","widget":{"name":"upscale_by"},"link":385},{"name":"denoise","type":"FLOAT","widget":{"name":"denoise"},"link":409}],"outputs":[{"name":"IMAGE","localized_name":"IMAGE","type":"IMAGE","links":[389,390,391,392,408],"slot_index":0}],"title":"Image upscale","properties":{"Node name for S&R":"UltimateSDUpscale"},"widgets_values":[2,254515625400130,"randomize",8,1,"euler","normal",0.28,"Linear",1024,1024,16,32,"None",1,64,8,16,true,false],"color":"#2a363b","bgcolor":"#3f5159","shape":1},{"id":115,"type":"mxSlider","pos":[-990,1730],"size":[210,30],"flags":{},"order":10,"mode":0,"inputs":[],"outputs":[{"name":"","localized_name":"X","type":"FLOAT","links":[409,410],"slot_index":0}],"title":"Denoise","properties":{"Node name for S&R":"mxSlider","value":0.28,"min":0,"max":1,"step":0.01,"decimals":2,"snap":true},"widgets_values":[0,0.28,1],"color":"#432","bgcolor":"#653","shape":1},{"id":39,"type":"Image Saver","pos":[630,1430],"size":[653,974],"flags":{"collapsed":true},"order":14,"mode":0,"inputs":[{"name":"images","localized_name":"images","type":"IMAGE","link":389},{"name":"steps","type":"INT","shape":7,"widget":{"name":"steps"},"link":223},{"name":"cfg","type":"FLOAT","shape":7,"widget":{"name":"cfg"},"link":227},{"name":"sampler_name","type":"STRING","shape":7,"widget":{"name":"sampler_name"},"link":233},{"name":"seed_value","type":"INT","shape":7,"widget":{"name":"seed_value"},"link":228},{"name":"positive","type":"STRING","shape":7,"widget":{"name":"positive"},"link":229},{"name":"scheduler","type":"STRING","shape":7,"widget":{"name":"scheduler"},"link":224},{"name":"width","type":"INT","shape":7,"widget":{"name":"width"},"link":400},{"name":"height","type":"INT","shape":7,"widget":{"name":"height"},"link":401},{"name":"denoise","type":"FLOAT","shape":7,"widget":{"name":"denoise"},"link":410},{"name":"modelname","type":"STRING","shape":7,"widget":{"name":"modelname"},"link":232}],"outputs":[],"title":" Save upscale ","properties":{"Node name for S&R":"Image Saver"},"widgets_values":["%time_%seed_Upscale","FLUX/%date/","png",20,7,"","","normal","unknown","",0,512,512,true,100,false,0,1,0,"%Y-%m-%d-%H%M",false,false],"color":"#2a363b","bgcolor":"#3f5159","shape":1},{"id":36,"type":"Image Comparer (rgthree)","pos":[-90,1470],"size":[890,630],"flags":{"collapsed":false},"order":13,"mode":0,"inputs":[{"name":"image_a","type":"IMAGE","dir":3,"link":null},{"name":"image_b","type":"IMAGE","dir":3,"link":390}],"outputs":[],"title":"Image Comparer","properties":{"comparer_mode":"Slide"},"widgets_values":[[{"name":"B","selected":true,"url":"/api/view?filename=rgthree.compare._temp_plegi_00006_.png&type=temp&subfolder=&rand=0.29478161163813676"}]],"color":"#233","bgcolor":"#355","shape":1}],"links":[[223,24,0,39,1,"INT"],[224,53,0,39,6,"STRING"],[227,25,0,39,2,"FLOAT"],[228,47,0,39,4,"INT"],[229,31,0,39,5,"STRING"],[232,60,0,39,10,"STRING"],[233,52,0,39,3,"STRING"],[293,84,0,40,0,"MODEL"],[294,84,0,60,0,"*"],[295,85,0,40,1,"CLIP"],[380,70,0,112,0,"IMAGE"],[381,40,0,112,1,"MODEL"],[382,91,0,112,2,"CONDITIONING"],[383,13,0,112,4,"VAE"],[384,38,0,112,5,"UPSCALE_MODEL"],[385,104,0,112,6,"FLOAT"],[389,112,0,39,0,"IMAGE"],[390,112,0,36,1,"IMAGE"],[391,112,0,52,0,"*"],[392,112,0,53,0,"*"],[396,114,3,91,0,"CONDITIONING"],[397,114,4,89,0,"STRING"],[398,114,8,91,1,"CONDITIONING"],[399,114,9,112,3,"CONDITIONING"],[400,114,11,39,7,"INT"],[401,114,12,39,8,"INT"],[402,70,0,114,1,"IMAGE"],[403,40,1,114,2,"CLIP"],[404,31,0,114,6,"STRING"],[405,40,1,114,3,"CLIP"],[406,89,0,114,7,"STRING"],[407,91,0,114,4,"CONDITIONING"],[408,112,0,114,5,"IMAGE"],[409,115,0,112,7,"FLOAT"],[410,115,0,39,9,"FLOAT"]],"groups":[{"id":1,"title":"UmeAiRT - Florance upscale","bounding":[-1000,1200,1810,910],"color":"#444","font_size":24,"flags":{}}],"config":{},"extra":{"ds":{"scale":1.2275645161290358,"offset":[1067.5508642230589,-1133.6945773971993]},"node_versions":{"comfy-core":"0.3.14","comfyui-mxtoolkit":"0.9.8","comfyui-kjnodes":"1.0.5","ComfyUI-GGUF":"5875c52f59baca3a9372d68c43a3775e21846fe0","comfyui-image-saver":"1.4.0","rgthree-comfy":"1.0.0","comfyui-custom-scripts":"1.1.1","comfyui_ultimatesdupscale":"ff3fdfeee03de46d4462211cffd165d27155e858"},"groupNodes":{"Sampler settings":{"nodes":[{"id":-1,"type":"KSamplerSelect","pos":[-1118.4962158203125,986.4050903320312],"size":[315,58],"flags":{},"order":9,"mode":0,"inputs":[],"outputs":[{"name":"SAMPLER","localized_name":"SAMPLER","type":"SAMPLER","links":[],"slot_index":0}],"properties":{"Node name for S&R":"KSamplerSelect"},"widgets_values":["euler"],"index":0},{"id":-1,"type":"Seed Generator (Image Saver)","pos":[-1582.9305419921875,1487.829345703125],"size":[440,82],"flags":{},"order":10,"mode":0,"inputs":[],"outputs":[{"name":"INT","localized_name":"INT","type":"INT","links":[],"slot_index":0}],"title":"Seed","properties":{"Node name for S&R":"Seed Generator (Image Saver)"},"widgets_values":[304205187379323,"randomize"],"color":"#432","bgcolor":"#653","shape":1,"index":1},{"id":-1,"type":"BasicScheduler","pos":[-1302.306396484375,1117.9656982421875],"size":[315,106],"flags":{},"order":16,"mode":0,"inputs":[{"name":"model","localized_name":"model","type":"MODEL","link":null},{"name":"steps","type":"INT","widget":{"name":"steps"},"link":null},{"name":"denoise","type":"FLOAT","widget":{"name":"denoise"},"link":null}],"outputs":[{"name":"SIGMAS","localized_name":"SIGMAS","type":"SIGMAS","links":[],"slot_index":0}],"properties":{"Node name for S&R":"BasicScheduler"},"widgets_values":["beta",20,1],"index":2}],"links":[[null,0,2,0,40,"MODEL"],[null,0,2,1,24,"INT"],[null,0,2,2,55,"FLOAT"]],"external":[[0,0,"SAMPLER"],[1,0,"INT"],[2,0,"SIGMAS"]]},"Image generation":{"nodes":[{"id":-1,"type":"RandomNoise","pos":[635.4312133789062,2336.316162109375],"size":[315,82],"flags":{},"order":11,"mode":0,"inputs":[{"name":"noise_seed","type":"INT","widget":{"name":"noise_seed"},"link":null}],"outputs":[{"name":"NOISE","localized_name":"NOISE","type":"NOISE","links":[],"slot_index":0}],"properties":{"Node name for S&R":"RandomNoise"},"widgets_values":[881328783384574,"randomize"],"index":0},{"id":-1,"type":"VAEEncode","pos":[318.3743591308594,2616.210693359375],"size":[210,46],"flags":{},"order":15,"mode":0,"inputs":[{"name":"pixels","localized_name":"pixels","type":"IMAGE","link":null},{"name":"vae","localized_name":"vae","type":"VAE","link":null}],"outputs":[{"name":"LATENT","localized_name":"LATENT","type":"LATENT","links":[],"slot_index":0}],"properties":{"Node name for S&R":"VAEEncode"},"index":1},{"id":-1,"type":"GetImageSizeAndCount","pos":[-570.7193603515625,2392.85302734375],"size":[277.20001220703125,86],"flags":{},"order":16,"mode":0,"inputs":[{"name":"image","localized_name":"image","type":"IMAGE","link":null}],"outputs":[{"name":"image","localized_name":"image","type":"IMAGE","links":null},{"name":"width","localized_name":"width","type":"INT","links":[],"slot_index":1},{"name":"height","localized_name":"height","type":"INT","links":[],"slot_index":2},{"name":"count","localized_name":"count","type":"INT","links":null}],"properties":{"Node name for S&R":"GetImageSizeAndCount"},"index":2},{"id":-1,"type":"CLIPTextEncode","pos":[-20.69321060180664,2829.3095703125],"size":[422.84503173828125,164.31304931640625],"flags":{},"order":18,"mode":0,"inputs":[{"name":"clip","localized_name":"clip","type":"CLIP","link":null},{"name":"text","type":"STRING","widget":{"name":"text"},"link":null}],"outputs":[{"name":"CONDITIONING","localized_name":"CONDITIONING","type":"CONDITIONING","links":[],"slot_index":0}],"properties":{"Node name for S&R":"CLIPTextEncode"},"widgets_values":["beautiful scenery nature glass bottle landscape, , purple galaxy bottle,"],"shape":1,"index":3},{"id":-1,"type":"FluxGuidance","pos":[499.30670166015625,2829.3095703125],"size":[317.4000244140625,58],"flags":{},"order":20,"mode":0,"inputs":[{"name":"conditioning","localized_name":"conditioning","type":"CONDITIONING","link":null},{"name":"guidance","type":"FLOAT","widget":{"name":"guidance"},"link":null}],"outputs":[{"name":"CONDITIONING","localized_name":"CONDITIONING","type":"CONDITIONING","links":[],"slot_index":0}],"properties":{"Node name for S&R":"FluxGuidance"},"widgets_values":[3.5],"shape":1,"index":4},{"id":-1,"type":"ConditioningZeroOut","pos":[933.4540405273438,2847.189208984375],"size":[317.4000244140625,26],"flags":{},"order":21,"mode":0,"inputs":[{"name":"conditioning","localized_name":"conditioning","type":"CONDITIONING","link":null}],"outputs":[{"name":"CONDITIONING","localized_name":"CONDITIONING","type":"CONDITIONING","links":[],"slot_index":0}],"properties":{"Node name for S&R":"ConditioningZeroOut"},"shape":1,"index":5},{"id":-1,"type":"BasicGuider","pos":[713.53173828125,2457.316162109375],"size":[241.79998779296875,46],"flags":{},"order":22,"mode":0,"inputs":[{"name":"model","localized_name":"model","type":"MODEL","link":null},{"name":"conditioning","localized_name":"conditioning","type":"CONDITIONING","link":null}],"outputs":[{"name":"GUIDER","localized_name":"GUIDER","type":"GUIDER","links":[],"slot_index":0}],"properties":{"Node name for S&R":"BasicGuider"},"index":6},{"id":-1,"type":"SamplerCustomAdvanced","pos":[1399.931884765625,2544.216064453125],"size":[355.20001220703125,106],"flags":{},"order":23,"mode":0,"inputs":[{"name":"noise","localized_name":"noise","type":"NOISE","link":null},{"name":"guider","localized_name":"guider","type":"GUIDER","link":null},{"name":"sampler","localized_name":"sampler","type":"SAMPLER","link":null},{"name":"sigmas","localized_name":"sigmas","type":"SIGMAS","link":null},{"name":"latent_image","localized_name":"latent_image","type":"LATENT","link":null}],"outputs":[{"name":"output","localized_name":"output","type":"LATENT","links":[],"slot_index":0},{"name":"denoised_output","localized_name":"denoised_output","type":"LATENT","links":null}],"properties":{"Node name for S&R":"SamplerCustomAdvanced"},"index":7},{"id":-1,"type":"VAEDecode","pos":[1749.3076171875,2859.3095703125],"size":[210,46],"flags":{},"order":24,"mode":0,"inputs":[{"name":"samples","localized_name":"samples","type":"LATENT","link":null},{"name":"vae","localized_name":"vae","type":"VAE","link":null}],"outputs":[{"name":"IMAGE","localized_name":"IMAGE","type":"IMAGE","links":[],"slot_index":0}],"properties":{"Node name for S&R":"VAEDecode"},"shape":1,"index":8}],"links":[[null,0,0,0,47,"INT"],[null,0,1,0,70,"IMAGE"],[null,0,1,1,13,"VAE"],[null,0,2,0,70,"IMAGE"],[null,1,3,0,40,"CLIP"],[null,0,3,1,31,"STRING"],[3,0,4,0,73,"CONDITIONING"],[null,0,4,1,25,"FLOAT"],[4,0,5,0,74,"CONDITIONING"],[null,0,6,0,40,"MODEL"],[4,0,6,1,74,"CONDITIONING"],[0,0,7,0,72,"NOISE"],[6,0,7,1,76,"GUIDER"],[null,0,7,2,48,"SAMPLER"],[null,0,7,3,59,"SIGMAS"],[1,0,7,4,79,"LATENT"],[7,0,8,0,77,"LATENT"],[null,0,8,1,13,"VAE"]],"external":[[2,1,"INT"],[2,2,"INT"],[3,0,"CONDITIONING"],[5,0,"CONDITIONING"],[8,0,"IMAGE"]]},"Upscaler":{"nodes":[{"id":-1,"type":"UltimateSDUpscale","pos":[1182.581787109375,2791.82958984375],"size":[315,614],"flags":{},"order":18,"mode":0,"inputs":[{"name":"image","localized_name":"image","type":"IMAGE","link":null},{"name":"model","localized_name":"model","type":"MODEL","link":null},{"name":"positive","localized_name":"positive","type":"CONDITIONING","link":null},{"name":"negative","localized_name":"negative","type":"CONDITIONING","link":null},{"name":"vae","localized_name":"vae","type":"VAE","link":null},{"name":"upscale_model","localized_name":"upscale_model","type":"UPSCALE_MODEL","link":null},{"name":"tile_width","type":"INT","widget":{"name":"tile_width"},"link":null},{"name":"tile_height","type":"INT","widget":{"name":"tile_height"},"link":null}],"outputs":[{"name":"IMAGE","localized_name":"IMAGE","type":"IMAGE","links":[],"slot_index":0}],"title":"Upscale","properties":{"Node name for S&R":"UltimateSDUpscale"},"widgets_values":[2,1033580550423611,"randomize",8,1,"deis","normal",0.28,"Linear",1024,1024,16,32,"None",1,64,8,16,true,false],"index":0},{"id":-1,"type":"Image Saver","pos":[1987.6121826171875,2552.14013671875],"size":[653,974],"flags":{},"order":20,"mode":0,"inputs":[{"name":"images","localized_name":"images","type":"IMAGE","link":null},{"name":"steps","type":"INT","shape":7,"widget":{"name":"steps"},"link":null},{"name":"cfg","type":"FLOAT","shape":7,"widget":{"name":"cfg"},"link":null},{"name":"sampler_name","type":"STRING","shape":7,"widget":{"name":"sampler_name"},"link":null},{"name":"seed_value","type":"INT","shape":7,"widget":{"name":"seed_value"},"link":null},{"name":"positive","type":"STRING","shape":7,"widget":{"name":"positive"},"link":null},{"name":"scheduler","type":"STRING","shape":7,"widget":{"name":"scheduler"},"link":null},{"name":"width","type":"INT","shape":7,"widget":{"name":"width"},"link":null},{"name":"height","type":"INT","shape":7,"widget":{"name":"height"},"link":null},{"name":"denoise","type":"FLOAT","shape":7,"widget":{"name":"denoise"},"link":null},{"name":"modelname","type":"STRING","shape":7,"widget":{"name":"modelname"},"link":null}],"outputs":[],"title":"Save upscale","properties":{"Node name for S&R":"Image Saver"},"widgets_values":["%time_%seed_Upscale","FLUX/%date/","png",20,7,"","","normal","unknown","",0,512,512,true,100,false,0,1,0,"%Y-%m-%d-%H%M",false,false],"shape":1,"index":1}],"links":[[null,3,0,0,66,"IMAGE"],[null,0,0,1,40,"MODEL"],[null,0,0,2,66,"CONDITIONING"],[null,1,0,3,66,"CONDITIONING"],[null,0,0,4,13,"VAE"],[null,0,0,5,38,"UPSCALE_MODEL"],[null,0,0,6,32,"INT"],[null,1,0,7,32,"INT"],[0,0,1,0,37,"IMAGE"],[null,0,1,1,24,"INT"],[null,0,1,2,25,"FLOAT"],[null,0,1,3,52,"STRING"],[null,0,1,4,47,"INT"],[null,0,1,5,31,"STRING"],[null,0,1,6,53,"STRING"],[null,0,1,7,32,"INT"],[null,1,1,8,32,"INT"],[null,0,1,9,55,"FLOAT"],[null,0,1,10,60,"STRING"]],"external":[[0,0,"IMAGE"]]},"Generate image":{"nodes":[{"id":-1,"type":"RandomNoise","pos":[635.4312133789062,2336.316162109375],"size":[315,82],"flags":{},"order":11,"mode":0,"inputs":[{"name":"noise_seed","type":"INT","widget":{"name":"noise_seed"},"link":null}],"outputs":[{"name":"NOISE","localized_name":"NOISE","type":"NOISE","links":[],"slot_index":0}],"properties":{"Node name for S&R":"RandomNoise"},"widgets_values":[881328783384574,"randomize"],"index":0},{"id":-1,"type":"VAEEncode","pos":[318.3743591308594,2616.210693359375],"size":[210,46],"flags":{},"order":15,"mode":0,"inputs":[{"name":"pixels","localized_name":"pixels","type":"IMAGE","link":null},{"name":"vae","localized_name":"vae","type":"VAE","link":null}],"outputs":[{"name":"LATENT","localized_name":"LATENT","type":"LATENT","links":[],"slot_index":0}],"properties":{"Node name for S&R":"VAEEncode"},"index":1},{"id":-1,"type":"GetImageSizeAndCount","pos":[-570.7193603515625,2392.85302734375],"size":[277.20001220703125,86],"flags":{},"order":16,"mode":0,"inputs":[{"name":"image","localized_name":"image","type":"IMAGE","link":null}],"outputs":[{"name":"image","localized_name":"image","type":"IMAGE","links":null},{"name":"width","localized_name":"width","type":"INT","links":[],"slot_index":1},{"name":"height","localized_name":"height","type":"INT","links":[],"slot_index":2},{"name":"count","localized_name":"count","type":"INT","links":null}],"properties":{"Node name for S&R":"GetImageSizeAndCount"},"index":2},{"id":-1,"type":"CLIPTextEncode","pos":[-20.69321060180664,2829.3095703125],"size":[422.84503173828125,164.31304931640625],"flags":{},"order":18,"mode":0,"inputs":[{"name":"clip","localized_name":"clip","type":"CLIP","link":null},{"name":"text","type":"STRING","widget":{"name":"text"},"link":null}],"outputs":[{"name":"CONDITIONING","localized_name":"CONDITIONING","type":"CONDITIONING","links":[],"slot_index":0}],"properties":{"Node name for S&R":"CLIPTextEncode"},"widgets_values":["beautiful scenery nature glass bottle landscape, , purple galaxy bottle,"],"shape":1,"index":3},{"id":-1,"type":"FluxGuidance","pos":[499.30670166015625,2829.3095703125],"size":[317.4000244140625,58],"flags":{},"order":20,"mode":0,"inputs":[{"name":"conditioning","localized_name":"conditioning","type":"CONDITIONING","link":null},{"name":"guidance","type":"FLOAT","widget":{"name":"guidance"},"link":null}],"outputs":[{"name":"CONDITIONING","localized_name":"CONDITIONING","type":"CONDITIONING","links":[],"slot_index":0}],"properties":{"Node name for S&R":"FluxGuidance"},"widgets_values":[3.5],"shape":1,"index":4},{"id":-1,"type":"ConditioningZeroOut","pos":[933.4540405273438,2847.189208984375],"size":[317.4000244140625,26],"flags":{},"order":21,"mode":0,"inputs":[{"name":"conditioning","localized_name":"conditioning","type":"CONDITIONING","link":null}],"outputs":[{"name":"CONDITIONING","localized_name":"CONDITIONING","type":"CONDITIONING","links":[],"slot_index":0}],"properties":{"Node name for S&R":"ConditioningZeroOut"},"shape":1,"index":5},{"id":-1,"type":"BasicGuider","pos":[713.53173828125,2457.316162109375],"size":[241.79998779296875,46],"flags":{},"order":22,"mode":0,"inputs":[{"name":"model","localized_name":"model","type":"MODEL","link":null},{"name":"conditioning","localized_name":"conditioning","type":"CONDITIONING","link":null}],"outputs":[{"name":"GUIDER","localized_name":"GUIDER","type":"GUIDER","links":[],"slot_index":0}],"properties":{"Node name for S&R":"BasicGuider"},"index":6},{"id":-1,"type":"SamplerCustomAdvanced","pos":[1399.931884765625,2544.216064453125],"size":[355.20001220703125,106],"flags":{},"order":23,"mode":0,"inputs":[{"name":"noise","localized_name":"noise","type":"NOISE","link":null},{"name":"guider","localized_name":"guider","type":"GUIDER","link":null},{"name":"sampler","localized_name":"sampler","type":"SAMPLER","link":null},{"name":"sigmas","localized_name":"sigmas","type":"SIGMAS","link":null},{"name":"latent_image","localized_name":"latent_image","type":"LATENT","link":null}],"outputs":[{"name":"output","localized_name":"output","type":"LATENT","links":[],"slot_index":0},{"name":"denoised_output","localized_name":"denoised_output","type":"LATENT","links":null}],"properties":{"Node name for S&R":"SamplerCustomAdvanced"},"index":7},{"id":-1,"type":"VAEDecode","pos":[1749.3076171875,2859.3095703125],"size":[210,46],"flags":{},"order":24,"mode":0,"inputs":[{"name":"samples","localized_name":"samples","type":"LATENT","link":null},{"name":"vae","localized_name":"vae","type":"VAE","link":null}],"outputs":[{"name":"IMAGE","localized_name":"IMAGE","type":"IMAGE","links":[],"slot_index":0}],"properties":{"Node name for S&R":"VAEDecode"},"shape":1,"index":8}],"links":[[null,0,0,0,47,"INT"],[null,0,1,0,70,"IMAGE"],[null,0,1,1,13,"VAE"],[null,0,2,0,70,"IMAGE"],[null,1,3,0,40,"CLIP"],[null,0,3,1,31,"STRING"],[3,0,4,0,73,"CONDITIONING"],[null,0,4,1,25,"FLOAT"],[4,0,5,0,74,"CONDITIONING"],[null,0,6,0,40,"MODEL"],[4,0,6,1,74,"CONDITIONING"],[0,0,7,0,72,"NOISE"],[6,0,7,1,76,"GUIDER"],[null,0,7,2,48,"SAMPLER"],[null,0,7,3,59,"SIGMAS"],[1,0,7,4,79,"LATENT"],[7,0,8,0,77,"LATENT"],[null,0,8,1,13,"VAE"]],"external":[[2,1,"INT"],[2,2,"INT"],[3,0,"CONDITIONING"],[5,0,"CONDITIONING"],[8,0,"IMAGE"]]},"Image upscale":{"nodes":[{"id":-1,"type":"DownloadAndLoadFlorence2Model","pos":[14.009665489196777,2795.935546875],"size":[315,106],"flags":{},"order":10,"mode":0,"inputs":[{"name":"lora","localized_name":"lora","type":"PEFTLORA","shape":7,"link":null}],"outputs":[{"name":"florence2_model","localized_name":"florence2_model","type":"FL2MODEL","shape":3,"links":[]}],"properties":{"Node name for S&R":"DownloadAndLoadFlorence2Model"},"widgets_values":["microsoft/Florence-2-base","fp16","sdpa"],"color":"#8886d4","bgcolor":"#7472c0","index":0},{"id":-1,"type":"Florence2Run","pos":[578.7902221679688,2663.607421875],"size":[400,352.00006103515625],"flags":{},"order":13,"mode":0,"inputs":[{"name":"image","localized_name":"image","type":"IMAGE","link":null},{"name":"florence2_model","localized_name":"florence2_model","type":"FL2MODEL","link":null,"slot_index":1}],"outputs":[{"name":"image","localized_name":"image","type":"IMAGE","shape":3,"links":[],"slot_index":0},{"name":"mask","localized_name":"mask","type":"MASK","shape":3,"links":[],"slot_index":1},{"name":"caption","localized_name":"caption","type":"STRING","shape":3,"links":[],"slot_index":2},{"name":"data","localized_name":"data","type":"JSON","shape":3,"links":null}],"properties":{"Node name for S&R":"Florence2Run"},"widgets_values":["","more_detailed_caption",true,false,1024,3,true,"",464691114259385,"randomize"],"color":"#8886d4","bgcolor":"#7472c0","index":1},{"id":-1,"type":"CLIPTextEncode","pos":[1222.9119873046875,1989.7584228515625],"size":[422.84503173828125,164.31304931640625],"flags":{},"order":14,"mode":0,"inputs":[{"name":"clip","localized_name":"clip","type":"CLIP","link":null},{"name":"text","type":"STRING","widget":{"name":"text"},"link":null}],"outputs":[{"name":"CONDITIONING","localized_name":"CONDITIONING","type":"CONDITIONING","links":[],"slot_index":0}],"properties":{"Node name for S&R":"CLIPTextEncode"},"widgets_values":["beautiful scenery nature glass bottle landscape, , purple galaxy bottle,"],"shape":1,"index":2},{"id":-1,"type":"Text Find and Replace","pos":[848.2703857421875,2277.2373046875],"size":[317.4000244140625,166],"flags":{"collapsed":false},"order":15,"mode":0,"inputs":[{"name":"text","type":"STRING","widget":{"name":"text"},"link":null}],"outputs":[{"name":"result_text","localized_name":"result_text","type":"STRING","shape":3,"links":[],"slot_index":0},{"name":"replacement_count_number","localized_name":"replacement_count_number","type":"NUMBER","shape":3,"links":null},{"name":"replacement_count_float","localized_name":"replacement_count_float","type":"FLOAT","shape":3,"links":null},{"name":"replacement_count_int","localized_name":"replacement_count_int","type":"INT","shape":3,"links":null}],"properties":{"Node name for S&R":"Text Find and Replace"},"widgets_values":["","The image shows","sharp photo of"],"color":"#8886d4","bgcolor":"#7472c0","index":3},{"id":-1,"type":"CLIPTextEncode","pos":[1343.3724365234375,2561.828125],"size":[400,200],"flags":{"collapsed":false},"order":17,"mode":0,"inputs":[{"name":"clip","localized_name":"clip","type":"CLIP","link":null},{"name":"text","type":"STRING","widget":{"name":"text"},"link":null}],"outputs":[{"name":"CONDITIONING","localized_name":"CONDITIONING","type":"CONDITIONING","shape":3,"links":[],"slot_index":0}],"properties":{"Node name for S&R":"CLIPTextEncode"},"widgets_values":["The image is a close-up portrait of a young woman with blonde hair. She is facing away from the camera, with her head turned slightly to the side. Her hair is styled in a short, layered bob with bangs framing her face. She has a slight smile on her lips and her eyes are looking off to the left side of the image. The woman is wearing a blue long-sleeved shirt with a pocket on the front. The background is a plain white wall. The lighting is soft and natural, highlighting the woman's features."],"color":"#8886d4","bgcolor":"#7472c0","index":4},{"id":-1,"type":"ConditioningZeroOut","pos":[2527.351318359375,2389.41650390625],"size":[317.4000244140625,26],"flags":{},"order":19,"mode":0,"inputs":[{"name":"conditioning","localized_name":"conditioning","type":"CONDITIONING","link":null}],"outputs":[{"name":"CONDITIONING","localized_name":"CONDITIONING","type":"CONDITIONING","links":[],"slot_index":0}],"properties":{"Node name for S&R":"ConditioningZeroOut"},"shape":1,"index":5},{"id":-1,"type":"UltimateSDUpscale","pos":[3134.697265625,2257.697509765625],"size":[315,614],"flags":{"collapsed":false},"order":20,"mode":0,"inputs":[{"name":"image","localized_name":"image","type":"IMAGE","link":null},{"name":"model","localized_name":"model","type":"MODEL","link":null},{"name":"positive","localized_name":"positive","type":"CONDITIONING","link":null},{"name":"negative","localized_name":"negative","type":"CONDITIONING","link":null},{"name":"vae","localized_name":"vae","type":"VAE","link":null},{"name":"upscale_model","localized_name":"upscale_model","type":"UPSCALE_MODEL","link":null},{"name":"upscale_by","type":"FLOAT","widget":{"name":"upscale_by"},"link":null}],"outputs":[{"name":"IMAGE","localized_name":"IMAGE","type":"IMAGE","links":[],"slot_index":0}],"title":"Image upscale","properties":{"Node name for S&R":"UltimateSDUpscale"},"widgets_values":[2,95778870342739,"randomize",8,1,"deis","normal",0.28,"Linear",1024,1024,16,32,"None",1,64,8,16,true,false],"color":"#2a363b","bgcolor":"#3f5159","shape":1,"index":6},{"id":-1,"type":"GetImageSizeAndCount","pos":[1689.1011962890625,1420.931884765625],"size":[277.20001220703125,86],"flags":{},"order":22,"mode":0,"inputs":[{"name":"image","localized_name":"image","type":"IMAGE","link":null}],"outputs":[{"name":"image","localized_name":"image","type":"IMAGE","links":null},{"name":"width","localized_name":"width","type":"INT","links":[],"slot_index":1},{"name":"height","localized_name":"height","type":"INT","links":[],"slot_index":2},{"name":"count","localized_name":"count","type":"INT","links":null}],"properties":{"Node name for S&R":"GetImageSizeAndCount"},"index":7}],"links":[[null,0,1,0,70,"IMAGE"],[0,0,1,1,88,"FL2MODEL"],[null,1,2,0,40,"CLIP"],[null,0,2,1,31,"STRING"],[1,2,3,0,87,"STRING"],[null,1,4,0,40,"CLIP"],[null,0,4,1,89,"STRING"],[null,0,5,0,91,"CONDITIONING"],[null,0,6,0,70,"IMAGE"],[null,0,6,1,40,"MODEL"],[null,0,6,2,91,"CONDITIONING"],[5,0,6,3,97,"CONDITIONING"],[null,0,6,4,13,"VAE"],[null,0,6,5,38,"UPSCALE_MODEL"],[null,0,6,6,104,"FLOAT"],[6,0,7,0,37,"IMAGE"]],"external":[[2,0,"CONDITIONING"],[3,0,"STRING"],[4,0,"CONDITIONING"],[6,0,"IMAGE"],[7,1,"INT"],[7,2,"INT"]]},"Florence":{"nodes":[{"id":-1,"type":"DownloadAndLoadFlorence2Model","pos":[400,2805.003662109375],"size":[315,106],"flags":{},"order":10,"mode":0,"inputs":[{"name":"lora","localized_name":"lora","type":"PEFTLORA","shape":7,"link":null}],"outputs":[{"name":"florence2_model","localized_name":"florence2_model","type":"FL2MODEL","shape":3,"links":[]}],"properties":{"Node name for S&R":"DownloadAndLoadFlorence2Model"},"widgets_values":["microsoft/Florence-2-base","fp16","sdpa"],"color":"#8886d4","bgcolor":"#7472c0","index":0},{"id":-1,"type":"Florence2Run","pos":[964.780517578125,2672.675537109375],"size":[400,352.00006103515625],"flags":{},"order":13,"mode":0,"inputs":[{"name":"image","localized_name":"image","type":"IMAGE","link":null},{"name":"florence2_model","localized_name":"florence2_model","type":"FL2MODEL","link":null,"slot_index":1}],"outputs":[{"name":"image","localized_name":"image","type":"IMAGE","shape":3,"links":[],"slot_index":0},{"name":"mask","localized_name":"mask","type":"MASK","shape":3,"links":[],"slot_index":1},{"name":"caption","localized_name":"caption","type":"STRING","shape":3,"links":[],"slot_index":2},{"name":"data","localized_name":"data","type":"JSON","shape":3,"links":null}],"properties":{"Node name for S&R":"Florence2Run"},"widgets_values":["","more_detailed_caption",true,false,1024,3,true,"",132276192780829,"randomize"],"color":"#8886d4","bgcolor":"#7472c0","index":1},{"id":-1,"type":"CLIPTextEncode","pos":[1608.9022216796875,1998.8265380859375],"size":[422.84503173828125,164.31304931640625],"flags":{},"order":14,"mode":0,"inputs":[{"name":"clip","localized_name":"clip","type":"CLIP","link":null},{"name":"text","type":"STRING","widget":{"name":"text"},"link":null}],"outputs":[{"name":"CONDITIONING","localized_name":"CONDITIONING","type":"CONDITIONING","links":[],"slot_index":0}],"properties":{"Node name for S&R":"CLIPTextEncode"},"widgets_values":["beautiful scenery nature glass bottle landscape, , purple galaxy bottle,"],"shape":1,"index":2},{"id":-1,"type":"Text Find and Replace","pos":[1234.2606201171875,2286.305419921875],"size":[317.4000244140625,166],"flags":{"collapsed":false},"order":15,"mode":0,"inputs":[{"name":"text","type":"STRING","widget":{"name":"text"},"link":null}],"outputs":[{"name":"result_text","localized_name":"result_text","type":"STRING","shape":3,"links":[],"slot_index":0},{"name":"replacement_count_number","localized_name":"replacement_count_number","type":"NUMBER","shape":3,"links":null},{"name":"replacement_count_float","localized_name":"replacement_count_float","type":"FLOAT","shape":3,"links":null},{"name":"replacement_count_int","localized_name":"replacement_count_int","type":"INT","shape":3,"links":null}],"properties":{"Node name for S&R":"Text Find and Replace"},"widgets_values":["","The image shows","sharp photo of"],"color":"#8886d4","bgcolor":"#7472c0","index":3},{"id":-1,"type":"CLIPTextEncode","pos":[1729.3626708984375,2570.896240234375],"size":[400,200],"flags":{"collapsed":false},"order":17,"mode":0,"inputs":[{"name":"clip","localized_name":"clip","type":"CLIP","link":null},{"name":"text","type":"STRING","widget":{"name":"text"},"link":null}],"outputs":[{"name":"CONDITIONING","localized_name":"CONDITIONING","type":"CONDITIONING","shape":3,"links":[],"slot_index":0}],"properties":{"Node name for S&R":"CLIPTextEncode"},"widgets_values":["The image is a close-up portrait of a young woman with blonde hair. She is facing away from the camera, with her head turned slightly to the side. Her hair is styled in a short, layered bob with bangs framing her face. She has a slight smile on her lips and her eyes are looking off to the left side of the image. The woman is wearing a blue long-sleeved shirt with a pocket on the front. The background is a plain white wall. The lighting is soft and natural, highlighting the woman's features."],"color":"#8886d4","bgcolor":"#7472c0","index":4},{"id":-1,"type":"ConditioningZeroOut","pos":[2913.341796875,2398.484619140625],"size":[317.4000244140625,26],"flags":{},"order":19,"mode":0,"inputs":[{"name":"conditioning","localized_name":"conditioning","type":"CONDITIONING","link":null}],"outputs":[{"name":"CONDITIONING","localized_name":"CONDITIONING","type":"CONDITIONING","links":[],"slot_index":0}],"properties":{"Node name for S&R":"ConditioningZeroOut"},"shape":1,"index":5},{"id":-1,"type":"GetImageSizeAndCount","pos":[2075.091552734375,1430],"size":[277.20001220703125,86],"flags":{},"order":21,"mode":0,"inputs":[{"name":"image","localized_name":"image","type":"IMAGE","link":null}],"outputs":[{"name":"image","localized_name":"image","type":"IMAGE","links":null},{"name":"width","localized_name":"width","type":"INT","links":[],"slot_index":1},{"name":"height","localized_name":"height","type":"INT","links":[],"slot_index":2},{"name":"count","localized_name":"count","type":"INT","links":null}],"properties":{"Node name for S&R":"GetImageSizeAndCount"},"index":6}],"links":[[null,0,1,0,70,"IMAGE"],[0,0,1,1,106,"FL2MODEL"],[null,1,2,0,40,"CLIP"],[null,0,2,1,31,"STRING"],[1,2,3,0,107,"STRING"],[null,1,4,0,40,"CLIP"],[null,0,4,1,89,"STRING"],[null,0,5,0,91,"CONDITIONING"],[null,0,6,0,112,"IMAGE"]],"external":[[2,0,"CONDITIONING"],[3,0,"STRING"],[4,0,"CONDITIONING"],[5,0,"CONDITIONING"],[6,1,"INT"],[6,2,"INT"]]}}},"version":0.4}