{"id":"42bc22ba-08d0-4c1c-8f55-b08694e12cb7","revision":0,"last_node_id":122,"last_link_id":348,"nodes":[{"id":38,"type":"UpscaleModelLoader","pos":[360,1270],"size":[440,60],"flags":{},"order":0,"mode":0,"inputs":[{"localized_name":"model_name","name":"model_name","type":"COMBO","widget":{"name":"model_name"},"link":null}],"outputs":[{"label":" ","localized_name":"UPSCALE_MODEL","name":"UPSCALE_MODEL","type":"UPSCALE_MODEL","slot_index":0,"links":[220]}],"title":"Upscale Model","properties":{"cnr_id":"comfy-core","ver":"0.3.29","Node name for S&R":"UpscaleModelLoader"},"widgets_values":["RealESRGAN_x4plus_anime_6B.pth"],"color":"#223","bgcolor":"#335","shape":1},{"id":83,"type":"VAEDecode","pos":[230,2200],"size":[210,46],"flags":{"collapsed":true},"order":32,"mode":0,"inputs":[{"localized_name":"samples","name":"samples","type":"LATENT","link":296},{"localized_name":"vae","name":"vae","type":"VAE","link":277}],"outputs":[{"localized_name":"IMAGE","name":"IMAGE","type":"IMAGE","slot_index":0,"links":[258,259,260]}],"properties":{"cnr_id":"comfy-core","ver":"0.3.29","Node name for S&R":"VAEDecode"},"widgets_values":[],"color":"#222","bgcolor":"#000","shape":1},{"id":71,"type":"TorchCompileModelFluxAdvanced","pos":[-990,2240],"size":[400,262],"flags":{"collapsed":true},"order":21,"mode":4,"inputs":[{"localized_name":"model","name":"model","type":"MODEL","link":240},{"localized_name":"backend","name":"backend","type":"COMBO","widget":{"name":"backend"},"link":null},{"localized_name":"fullgraph","name":"fullgraph","type":"BOOLEAN","widget":{"name":"fullgraph"},"link":null},{"localized_name":"mode","name":"mode","type":"COMBO","widget":{"name":"mode"},"link":null},{"localized_name":"double_blocks","name":"double_blocks","type":"STRING","widget":{"name":"double_blocks"},"link":null},{"localized_name":"single_blocks","name":"single_blocks","type":"STRING","widget":{"name":"single_blocks"},"link":null},{"localized_name":"dynamic","name":"dynamic","type":"BOOLEAN","widget":{"name":"dynamic"},"link":null},{"localized_name":"dynamo_cache_size_limit","name":"dynamo_cache_size_limit","shape":7,"type":"INT","widget":{"name":"dynamo_cache_size_limit"},"link":null}],"outputs":[{"localized_name":"MODEL","name":"MODEL","type":"MODEL","links":[278,279,280]}],"title":"TorchCompile","properties":{"cnr_id":"comfyui-kjnodes","ver":"8ecf5cd05e0a1012087b0da90eea9a13674668db","Node name for S&R":"TorchCompileModelFluxAdvanced","aux_id":"kijai/ComfyUI-KJNodes"},"widgets_values":["inductor",false,"default","0-18","0-37",false,64],"color":"#222","bgcolor":"#000","shape":1},{"id":77,"type":"RandomNoise","pos":[-570,2200],"size":[300,82],"flags":{"collapsed":true},"order":13,"mode":0,"inputs":[{"localized_name":"noise_seed","name":"noise_seed","type":"INT","widget":{"name":"noise_seed"},"link":265}],"outputs":[{"localized_name":"NOISE","name":"NOISE","type":"NOISE","slot_index":0,"links":[245]}],"properties":{"cnr_id":"comfy-core","ver":"0.3.29","Node name for S&R":"RandomNoise"},"widgets_values":[758759540311290,"randomize"],"color":"#222","bgcolor":"#000","shape":1},{"id":81,"type":"BasicGuider","pos":[-370,2200],"size":[300,46],"flags":{"collapsed":true},"order":29,"mode":0,"inputs":[{"localized_name":"model","name":"model","type":"MODEL","link":278},{"localized_name":"conditioning","name":"conditioning","type":"CONDITIONING","link":244}],"outputs":[{"localized_name":"GUIDER","name":"GUIDER","type":"GUIDER","slot_index":0,"links":[246]}],"properties":{"cnr_id":"comfy-core","ver":"0.3.29","Node name for S&R":"BasicGuider"},"widgets_values":[],"color":"#222","bgcolor":"#000","shape":1},{"id":48,"type":"KSamplerSelect","pos":[-990,1680],"size":[440,58],"flags":{"collapsed":false},"order":1,"mode":0,"inputs":[{"localized_name":"sampler_name","name":"sampler_name","type":"COMBO","widget":{"name":"sampler_name"},"link":null}],"outputs":[{"label":" ","localized_name":"SAMPLER","name":"SAMPLER","type":"SAMPLER","slot_index":0,"links":[176,253]}],"title":"Sampler","properties":{"cnr_id":"comfy-core","ver":"0.3.29","Node name for S&R":"KSamplerSelect"},"widgets_values":["euler"],"color":"#432","bgcolor":"#653","shape":1},{"id":72,"type":"PatchModelPatcherOrder","pos":[-990,2190],"size":[315,82],"flags":{"collapsed":true},"order":18,"mode":4,"inputs":[{"localized_name":"model","name":"model","type":"MODEL","link":282},{"localized_name":"patch_order","name":"patch_order","type":"COMBO","widget":{"name":"patch_order"},"link":null},{"localized_name":"full_load","name":"full_load","type":"COMBO","widget":{"name":"full_load"},"link":null}],"outputs":[{"localized_name":"MODEL","name":"MODEL","type":"MODEL","links":[240]}],"title":"Patcher Order","properties":{"cnr_id":"comfyui-kjnodes","ver":"8ecf5cd05e0a1012087b0da90eea9a13674668db","Node name for S&R":"PatchModelPatcherOrder","aux_id":"kijai/ComfyUI-KJNodes"},"widgets_values":["weight_patch_first","auto"],"color":"#222","bgcolor":"#000","shape":1},{"id":25,"type":"mxSlider","pos":[-760,1470],"size":[210,30],"flags":{},"order":2,"mode":0,"inputs":[{"localized_name":"Xi","name":"Xi","type":"INT","widget":{"name":"Xi"},"link":null},{"localized_name":"Xf","name":"Xf","type":"FLOAT","widget":{"name":"Xf"},"link":null},{"localized_name":"isfloatX","name":"isfloatX","type":"INT","widget":{"name":"isfloatX"},"link":null}],"outputs":[{"localized_name":"","name":"","type":"FLOAT","slot_index":0,"links":[27,227,316]}],"title":"Guidance","properties":{"cnr_id":"comfyui-mxtoolkit","ver":"0a3857ada2c1780188b9d5abb95f9f3e6561d976","Node name for S&R":"mxSlider","value":3.5,"min":0,"max":10,"step":0.1,"decimals":1,"snap":true,"aux_id":"Smirnov75/ComfyUI-mxToolkit"},"widgets_values":[3,3.5,1],"color":"#432","bgcolor":"#653","shape":1},{"id":40,"type":"Power Lora Loader (rgthree)","pos":[-990,1930],"size":[440,170],"flags":{},"order":16,"mode":0,"inputs":[{"dir":3,"label":" ","name":"model","type":"MODEL","link":346},{"dir":3,"label":" ","name":"clip","type":"CLIP","link":348}],"outputs":[{"dir":4,"label":" ","name":"MODEL","shape":3,"type":"MODEL","slot_index":0,"links":[282]},{"dir":4,"label":" ","name":"CLIP","shape":3,"type":"CLIP","slot_index":1,"links":[251]}],"title":"LoRA","properties":{"cnr_id":"rgthree-comfy","ver":"5dc53323e07a021038af9f2a4a06ebc071f7218c","Show Strengths":"Single Strength","aux_id":"rgthree/rgthree-comfy"},"widgets_values":[{},{"type":"PowerLoraLoaderHeaderWidget"},{},""],"color":"#323","bgcolor":"#535","shape":1},{"id":47,"type":"Seed Generator (Image Saver)","pos":[-990,1780],"size":[440,110],"flags":{},"order":3,"mode":0,"inputs":[{"localized_name":"seed","name":"seed","type":"INT","widget":{"name":"seed"},"link":null},{"localized_name":"increment","name":"increment","type":"INT","widget":{"name":"increment"},"link":null}],"outputs":[{"label":" ","localized_name":"INT","name":"INT","type":"INT","slot_index":0,"links":[178,228,265]}],"title":"Seed","properties":{"cnr_id":"comfyui-image-saver","ver":"1.4.0","Node name for S&R":"Seed Generator (Image Saver)","aux_id":"alexopus/ComfyUI-Image-Saver"},"widgets_values":[635409434312224,"randomize",0],"color":"#432","bgcolor":"#653","shape":1},{"id":84,"type":"Text Multiline","pos":[-990,1270],"size":[440,160],"flags":{},"order":4,"mode":0,"inputs":[{"localized_name":"text","name":"text","type":"STRING","widget":{"name":"text"},"link":null}],"outputs":[{"label":" ","localized_name":"STRING","name":"STRING","type":"STRING","links":[262,263,264]}],"title":"Positive","properties":{"cnr_id":"was-node-suite-comfyui","ver":"831199b898394c0385576d80628fce6b7931d317","Node name for S&R":"Text Multiline","aux_id":"WASasquatch/was-node-suite-comfyui"},"widgets_values":["A serene, dreamy scene unfolds against a soft, gradient lapis lazuli sky with layered, symmetrical clouds, and a thick white border, reminiscent of Hayao Miyazaki's whimsical style. A young, blonde-haired, small-breasted girl with pastel cyan eyes and multi-colored twin tails, adorned with hair ornaments, is shot from behind, her long, puffy sleeves and frilled skirt in dark black green hues, with a black bow and laced sleeves, evoking a sense of innocence. She stands amidst a sea of vibrant flowers, as light particles and shooting stars dance around her, imbuing the atmosphere with magic. The warm, golden light of a setting sun casts a gentle glow, with a subtle film grain and muted color grading, evoking a sense of nostalgia and wonder.\nThe painting is in the style of umesky. <lora:ume_sky_v2:1>"],"color":"#232","bgcolor":"#353","shape":1},{"id":55,"type":"mxSlider","pos":[360,1380],"size":[440,30],"flags":{},"order":5,"mode":0,"inputs":[{"localized_name":"Xi","name":"Xi","type":"INT","widget":{"name":"Xi"},"link":null},{"localized_name":"Xf","name":"Xf","type":"FLOAT","widget":{"name":"Xf"},"link":null},{"localized_name":"isfloatX","name":"isfloatX","type":"INT","widget":{"name":"isfloatX"},"link":null}],"outputs":[{"localized_name":"","name":"","type":"FLOAT","slot_index":0,"links":[323]}],"title":"Upscale ratio","properties":{"cnr_id":"comfyui-mxtoolkit","ver":"0.9.9","Node name for S&R":"mxSlider","value":2,"min":1,"max":4,"step":0.1,"decimals":1,"snap":true,"aux_id":"Smirnov75/ComfyUI-mxToolkit"},"widgets_values":[2,2,1],"color":"#432","bgcolor":"#653","shape":1},{"id":37,"type":"UltimateSDUpscale","pos":[660,2190],"size":[300,614],"flags":{"collapsed":true},"order":34,"mode":4,"inputs":[{"localized_name":"image","name":"image","type":"IMAGE","link":260},{"localized_name":"model","name":"model","type":"MODEL","link":280},{"localized_name":"positive","name":"positive","type":"CONDITIONING","link":256},{"localized_name":"negative","name":"negative","type":"CONDITIONING","link":257},{"localized_name":"vae","name":"vae","type":"VAE","link":276},{"localized_name":"upscale_model","name":"upscale_model","type":"UPSCALE_MODEL","link":220},{"localized_name":"upscale_by","name":"upscale_by","type":"FLOAT","widget":{"name":"upscale_by"},"link":323},{"localized_name":"seed","name":"seed","type":"INT","widget":{"name":"seed"},"link":null},{"localized_name":"steps","name":"steps","type":"INT","widget":{"name":"steps"},"link":null},{"localized_name":"cfg","name":"cfg","type":"FLOAT","widget":{"name":"cfg"},"link":null},{"localized_name":"sampler_name","name":"sampler_name","type":"COMBO","widget":{"name":"sampler_name"},"link":null},{"localized_name":"scheduler","name":"scheduler","type":"COMBO","widget":{"name":"scheduler"},"link":null},{"localized_name":"denoise","name":"denoise","type":"FLOAT","widget":{"name":"denoise"},"link":null},{"localized_name":"mode_type","name":"mode_type","type":"COMBO","widget":{"name":"mode_type"},"link":null},{"localized_name":"tile_width","name":"tile_width","type":"INT","widget":{"name":"tile_width"},"link":221},{"localized_name":"tile_height","name":"tile_height","type":"INT","widget":{"name":"tile_height"},"link":222},{"localized_name":"mask_blur","name":"mask_blur","type":"INT","widget":{"name":"mask_blur"},"link":null},{"localized_name":"tile_padding","name":"tile_padding","type":"INT","widget":{"name":"tile_padding"},"link":null},{"localized_name":"seam_fix_mode","name":"seam_fix_mode","type":"COMBO","widget":{"name":"seam_fix_mode"},"link":null},{"localized_name":"seam_fix_denoise","name":"seam_fix_denoise","type":"FLOAT","widget":{"name":"seam_fix_denoise"},"link":null},{"localized_name":"seam_fix_width","name":"seam_fix_width","type":"INT","widget":{"name":"seam_fix_width"},"link":null},{"localized_name":"seam_fix_mask_blur","name":"seam_fix_mask_blur","type":"INT","widget":{"name":"seam_fix_mask_blur"},"link":null},{"localized_name":"seam_fix_padding","name":"seam_fix_padding","type":"INT","widget":{"name":"seam_fix_padding"},"link":null},{"localized_name":"force_uniform_tiles","name":"force_uniform_tiles","type":"BOOLEAN","widget":{"name":"force_uniform_tiles"},"link":null},{"localized_name":"tiled_decode","name":"tiled_decode","type":"BOOLEAN","widget":{"name":"tiled_decode"},"link":null}],"outputs":[{"localized_name":"IMAGE","name":"IMAGE","type":"IMAGE","slot_index":0,"links":[214,226]}],"title":"Image upscale","properties":{"cnr_id":"comfyui_ultimatesdupscale","ver":"1.1.2","Node name for S&R":"UltimateSDUpscale","aux_id":"ssitu/ComfyUI_UltimateSDUpscale"},"widgets_values":[2,172157897825694,"randomize",8,1,"deis","normal",0.28,"Linear",1024,1024,16,32,"None",1,64,8,16,true,false],"color":"#2a363b","bgcolor":"#3f5159","shape":1},{"id":22,"type":"Image Saver","pos":[450,2200],"size":[600,950],"flags":{"collapsed":true},"order":33,"mode":0,"inputs":[{"localized_name":"images","name":"images","type":"IMAGE","link":258},{"localized_name":"filename","name":"filename","type":"STRING","widget":{"name":"filename"},"link":null},{"localized_name":"path","name":"path","type":"STRING","widget":{"name":"path"},"link":null},{"localized_name":"extension","name":"extension","type":"COMBO","widget":{"name":"extension"},"link":null},{"localized_name":"steps","name":"steps","shape":7,"type":"INT","widget":{"name":"steps"},"link":326},{"localized_name":"cfg","name":"cfg","shape":7,"type":"FLOAT","widget":{"name":"cfg"},"link":27},{"localized_name":"modelname","name":"modelname","shape":7,"type":"STRING","widget":{"name":"modelname"},"link":105},{"localized_name":"sampler_name","name":"sampler_name","shape":7,"type":"STRING","widget":{"name":"sampler_name"},"link":88},{"localized_name":"scheduler","name":"scheduler","shape":7,"type":"STRING","widget":{"name":"scheduler"},"link":90},{"localized_name":"positive","name":"positive","shape":7,"type":"STRING","widget":{"name":"positive"},"link":263},{"localized_name":"negative","name":"negative","shape":7,"type":"STRING","widget":{"name":"negative"},"link":null},{"localized_name":"seed_value","name":"seed_value","shape":7,"type":"INT","widget":{"name":"seed_value"},"link":178},{"localized_name":"width","name":"width","shape":7,"type":"INT","widget":{"name":"width"},"link":43},{"localized_name":"height","name":"height","shape":7,"type":"INT","widget":{"name":"height"},"link":44},{"localized_name":"lossless_webp","name":"lossless_webp","shape":7,"type":"BOOLEAN","widget":{"name":"lossless_webp"},"link":null},{"localized_name":"quality_jpeg_or_webp","name":"quality_jpeg_or_webp","shape":7,"type":"INT","widget":{"name":"quality_jpeg_or_webp"},"link":null},{"localized_name":"optimize_png","name":"optimize_png","shape":7,"type":"BOOLEAN","widget":{"name":"optimize_png"},"link":null},{"localized_name":"counter","name":"counter","shape":7,"type":"INT","widget":{"name":"counter"},"link":null},{"localized_name":"denoise","name":"denoise","shape":7,"type":"FLOAT","widget":{"name":"denoise"},"link":null},{"localized_name":"clip_skip","name":"clip_skip","shape":7,"type":"INT","widget":{"name":"clip_skip"},"link":null},{"localized_name":"time_format","name":"time_format","shape":7,"type":"STRING","widget":{"name":"time_format"},"link":null},{"localized_name":"save_workflow_as_json","name":"save_workflow_as_json","shape":7,"type":"BOOLEAN","widget":{"name":"save_workflow_as_json"},"link":null},{"localized_name":"embed_workflow","name":"embed_workflow","shape":7,"type":"BOOLEAN","widget":{"name":"embed_workflow"},"link":null},{"localized_name":"additional_hashes","name":"additional_hashes","shape":7,"type":"STRING","widget":{"name":"additional_hashes"},"link":null},{"localized_name":"download_civitai_data","name":"download_civitai_data","shape":7,"type":"BOOLEAN","widget":{"name":"download_civitai_data"},"link":null},{"localized_name":"easy_remix","name":"easy_remix","shape":7,"type":"BOOLEAN","widget":{"name":"easy_remix"},"link":null}],"outputs":[{"localized_name":"hashes","name":"hashes","type":"STRING","links":null},{"localized_name":"a1111_params","name":"a1111_params","type":"STRING","links":null}],"title":"   Save original    ","properties":{"cnr_id":"comfyui-image-saver","ver":"1.4.0","Node name for S&R":"Image Saver","aux_id":"alexopus/ComfyUI-Image-Saver"},"widgets_values":["%time_%seed_Original","FLUX/%date/","png",20,7,"","","normal","unknown","",0,512,512,true,100,false,0,1,0,"%Y-%m-%d-%H%M",false,false,"",true,true],"color":"#2a363b","bgcolor":"#3f5159","shape":1},{"id":39,"type":"Image Saver","pos":[660,2240],"size":[600,960],"flags":{"collapsed":true},"order":35,"mode":4,"inputs":[{"localized_name":"images","name":"images","type":"IMAGE","link":214},{"localized_name":"filename","name":"filename","type":"STRING","widget":{"name":"filename"},"link":null},{"localized_name":"path","name":"path","type":"STRING","widget":{"name":"path"},"link":null},{"localized_name":"extension","name":"extension","type":"COMBO","widget":{"name":"extension"},"link":null},{"localized_name":"steps","name":"steps","shape":7,"type":"INT","widget":{"name":"steps"},"link":327},{"localized_name":"cfg","name":"cfg","shape":7,"type":"FLOAT","widget":{"name":"cfg"},"link":227},{"localized_name":"modelname","name":"modelname","shape":7,"type":"STRING","widget":{"name":"modelname"},"link":232},{"localized_name":"sampler_name","name":"sampler_name","shape":7,"type":"STRING","widget":{"name":"sampler_name"},"link":233},{"localized_name":"scheduler","name":"scheduler","shape":7,"type":"STRING","widget":{"name":"scheduler"},"link":224},{"localized_name":"positive","name":"positive","shape":7,"type":"STRING","widget":{"name":"positive"},"link":264},{"localized_name":"negative","name":"negative","shape":7,"type":"STRING","widget":{"name":"negative"},"link":null},{"localized_name":"seed_value","name":"seed_value","shape":7,"type":"INT","widget":{"name":"seed_value"},"link":228},{"localized_name":"width","name":"width","shape":7,"type":"INT","widget":{"name":"width"},"link":230},{"localized_name":"height","name":"height","shape":7,"type":"INT","widget":{"name":"height"},"link":225},{"localized_name":"lossless_webp","name":"lossless_webp","shape":7,"type":"BOOLEAN","widget":{"name":"lossless_webp"},"link":null},{"localized_name":"quality_jpeg_or_webp","name":"quality_jpeg_or_webp","shape":7,"type":"INT","widget":{"name":"quality_jpeg_or_webp"},"link":null},{"localized_name":"optimize_png","name":"optimize_png","shape":7,"type":"BOOLEAN","widget":{"name":"optimize_png"},"link":null},{"localized_name":"counter","name":"counter","shape":7,"type":"INT","widget":{"name":"counter"},"link":null},{"localized_name":"denoise","name":"denoise","shape":7,"type":"FLOAT","widget":{"name":"denoise"},"link":null},{"localized_name":"clip_skip","name":"clip_skip","shape":7,"type":"INT","widget":{"name":"clip_skip"},"link":null},{"localized_name":"time_format","name":"time_format","shape":7,"type":"STRING","widget":{"name":"time_format"},"link":null},{"localized_name":"save_workflow_as_json","name":"save_workflow_as_json","shape":7,"type":"BOOLEAN","widget":{"name":"save_workflow_as_json"},"link":null},{"localized_name":"embed_workflow","name":"embed_workflow","shape":7,"type":"BOOLEAN","widget":{"name":"embed_workflow"},"link":null},{"localized_name":"additional_hashes","name":"additional_hashes","shape":7,"type":"STRING","widget":{"name":"additional_hashes"},"link":null},{"localized_name":"download_civitai_data","name":"download_civitai_data","shape":7,"type":"BOOLEAN","widget":{"name":"download_civitai_data"},"link":null},{"localized_name":"easy_remix","name":"easy_remix","shape":7,"type":"BOOLEAN","widget":{"name":"easy_remix"},"link":null}],"outputs":[{"localized_name":"hashes","name":"hashes","type":"STRING","links":null},{"localized_name":"a1111_params","name":"a1111_params","type":"STRING","links":null}],"title":" Save upscale ","properties":{"cnr_id":"comfyui-image-saver","ver":"1.4.0","Node name for S&R":"Image Saver","aux_id":"alexopus/ComfyUI-Image-Saver"},"widgets_values":["%time_%seed_Upscale","FLUX/%date/","png",20,7,"","","normal","unknown","",0,512,512,true,100,false,0,1,0,"%Y-%m-%d-%H%M",false,false,"",true,true],"color":"#2a363b","bgcolor":"#3f5159","shape":1},{"id":52,"type":"WidgetToString","pos":[-770,2390],"size":[315,154],"flags":{"collapsed":true},"order":12,"mode":0,"inputs":[{"localized_name":"any_input","name":"any_input","shape":7,"type":"*","link":176},{"localized_name":"id","name":"id","type":"INT","widget":{"name":"id"},"link":null},{"localized_name":"widget_name","name":"widget_name","type":"STRING","widget":{"name":"widget_name"},"link":null},{"localized_name":"return_all","name":"return_all","type":"BOOLEAN","widget":{"name":"return_all"},"link":null},{"localized_name":"node_title","name":"node_title","shape":7,"type":"STRING","widget":{"name":"node_title"},"link":null},{"localized_name":"allowed_float_decimals","name":"allowed_float_decimals","shape":7,"type":"INT","widget":{"name":"allowed_float_decimals"},"link":null}],"outputs":[{"localized_name":"STRING","name":"STRING","type":"STRING","slot_index":0,"links":[88,233]}],"title":"getSampler","properties":{"cnr_id":"comfyui-kjnodes","ver":"8ecf5cd05e0a1012087b0da90eea9a13674668db","Node name for S&R":"WidgetToString","aux_id":"kijai/ComfyUI-KJNodes"},"widgets_values":[0,"sampler_name",false,"",2],"color":"#222","bgcolor":"#000","shape":1},{"id":53,"type":"WidgetToString","pos":[-560,2390],"size":[315,154],"flags":{"collapsed":true},"order":25,"mode":0,"inputs":[{"localized_name":"any_input","name":"any_input","shape":7,"type":"*","link":181},{"localized_name":"id","name":"id","type":"INT","widget":{"name":"id"},"link":null},{"localized_name":"widget_name","name":"widget_name","type":"STRING","widget":{"name":"widget_name"},"link":null},{"localized_name":"return_all","name":"return_all","type":"BOOLEAN","widget":{"name":"return_all"},"link":null},{"localized_name":"node_title","name":"node_title","shape":7,"type":"STRING","widget":{"name":"node_title"},"link":null},{"localized_name":"allowed_float_decimals","name":"allowed_float_decimals","shape":7,"type":"INT","widget":{"name":"allowed_float_decimals"},"link":null}],"outputs":[{"localized_name":"STRING","name":"STRING","type":"STRING","slot_index":0,"links":[90,224]}],"title":"getScheduler","properties":{"cnr_id":"comfyui-kjnodes","ver":"8ecf5cd05e0a1012087b0da90eea9a13674668db","Node name for S&R":"WidgetToString","aux_id":"kijai/ComfyUI-KJNodes"},"widgets_values":[0,"scheduler",false,"",2],"color":"#222","bgcolor":"#000","shape":1},{"id":109,"type":"Text to Number","pos":[230,2390],"size":[210,26],"flags":{"collapsed":true},"order":28,"mode":0,"inputs":[{"localized_name":"text","name":"text","type":"STRING","link":324}],"outputs":[{"localized_name":"NUMBER","name":"NUMBER","type":"NUMBER","links":[325]}],"properties":{"cnr_id":"was-node-suite-comfyui","ver":"831199b898394c0385576d80628fce6b7931d317","Node name for S&R":"Text to Number","aux_id":"WASasquatch/was-node-suite-comfyui"},"widgets_values":[],"color":"#222","bgcolor":"#000","shape":1},{"id":104,"type":"WidgetToString","pos":[-70,2390],"size":[367.79998779296875,154],"flags":{"collapsed":true},"order":26,"mode":0,"inputs":[{"localized_name":"any_input","name":"any_input","shape":7,"type":"*","link":318},{"localized_name":"id","name":"id","type":"INT","widget":{"name":"id"},"link":null},{"localized_name":"widget_name","name":"widget_name","type":"STRING","widget":{"name":"widget_name"},"link":null},{"localized_name":"return_all","name":"return_all","type":"BOOLEAN","widget":{"name":"return_all"},"link":null},{"localized_name":"node_title","name":"node_title","shape":7,"type":"STRING","widget":{"name":"node_title"},"link":null},{"localized_name":"allowed_float_decimals","name":"allowed_float_decimals","shape":7,"type":"INT","widget":{"name":"allowed_float_decimals"},"link":null}],"outputs":[{"localized_name":"STRING","name":"STRING","type":"STRING","links":[324]}],"title":"getSteps","properties":{"cnr_id":"comfyui-kjnodes","ver":"58668a44cc4e179a59dec5684a6d0295f5fad8e7","Node name for S&R":"WidgetToString","aux_id":"kijai/ComfyUI-KJNodes"},"widgets_values":[0,"steps",false,"",2],"color":"#222","bgcolor":"#000","shape":1},{"id":110,"type":"Number to Int","pos":[460,2390],"size":[210,26],"flags":{"collapsed":true},"order":30,"mode":0,"inputs":[{"localized_name":"number","name":"number","type":"NUMBER","link":325}],"outputs":[{"localized_name":"INT","name":"INT","type":"INT","links":[326,327]}],"properties":{"cnr_id":"was-node-suite-comfyui","ver":"831199b898394c0385576d80628fce6b7931d317","Node name for S&R":"Number to Int","aux_id":"WASasquatch/was-node-suite-comfyui"},"widgets_values":[],"color":"#222","bgcolor":"#000","shape":1},{"id":60,"type":"WidgetToString","pos":[-370,2390],"size":[315,154],"flags":{"collapsed":true},"order":15,"mode":0,"inputs":[{"localized_name":"any_input","name":"any_input","shape":7,"type":"*","link":347},{"localized_name":"id","name":"id","type":"INT","widget":{"name":"id"},"link":null},{"localized_name":"widget_name","name":"widget_name","type":"STRING","widget":{"name":"widget_name"},"link":null},{"localized_name":"return_all","name":"return_all","type":"BOOLEAN","widget":{"name":"return_all"},"link":null},{"localized_name":"node_title","name":"node_title","shape":7,"type":"STRING","widget":{"name":"node_title"},"link":null},{"localized_name":"allowed_float_decimals","name":"allowed_float_decimals","shape":7,"type":"INT","widget":{"name":"allowed_float_decimals"},"link":null}],"outputs":[{"localized_name":"STRING","name":"STRING","type":"STRING","slot_index":0,"links":[105,232]}],"title":"getModelname","properties":{"cnr_id":"comfyui-kjnodes","ver":"8ecf5cd05e0a1012087b0da90eea9a13674668db","Node name for S&R":"WidgetToString","aux_id":"kijai/ComfyUI-KJNodes"},"widgets_values":[0,"unet_name",false,"",2],"color":"#222","bgcolor":"#000","shape":1},{"id":36,"type":"Image Comparer (rgthree)","pos":[-90,1470],"size":[890,630],"flags":{"collapsed":false},"order":36,"mode":0,"inputs":[{"dir":3,"label":" ","name":"image_a","type":"IMAGE","link":259},{"dir":3,"label":" ","name":"image_b","type":"IMAGE","link":226}],"outputs":[],"title":"Image Comparer","properties":{"cnr_id":"rgthree-comfy","ver":"5dc53323e07a021038af9f2a4a06ebc071f7218c","comparer_mode":"Slide","aux_id":"rgthree/rgthree-comfy"},"widgets_values":[[{"name":"A","selected":true,"url":"/api/view?filename=rgthree.compare._temp_smuyd_00005_.png&type=temp&subfolder=&rand=0.5320686438019816"},{"name":"B","selected":true,"url":"/api/view?filename=rgthree.compare._temp_smuyd_00006_.png&type=temp&subfolder=&rand=0.31907495589608137"}]],"color":"#233","bgcolor":"#355","shape":1},{"id":82,"type":"SamplerCustomAdvanced","pos":[-70,2200],"size":[300,106],"flags":{"collapsed":true},"order":31,"mode":0,"inputs":[{"localized_name":"noise","name":"noise","type":"NOISE","link":245},{"localized_name":"guider","name":"guider","type":"GUIDER","link":246},{"localized_name":"sampler","name":"sampler","type":"SAMPLER","link":253},{"localized_name":"sigmas","name":"sigmas","type":"SIGMAS","link":269},{"localized_name":"latent_image","name":"latent_image","type":"LATENT","link":345}],"outputs":[{"localized_name":"output","name":"output","type":"LATENT","slot_index":0,"links":[296]},{"localized_name":"denoised_output","name":"denoised_output","type":"LATENT","links":null}],"properties":{"cnr_id":"comfy-core","ver":"0.3.29","Node name for S&R":"SamplerCustomAdvanced"},"widgets_values":[],"color":"#222","bgcolor":"#000","shape":1},{"id":32,"type":"mxSlider2D","pos":[-990,1470],"size":[220,170],"flags":{},"order":6,"mode":0,"inputs":[{"localized_name":"Xi","name":"Xi","type":"INT","widget":{"name":"Xi"},"link":null},{"localized_name":"Xf","name":"Xf","type":"FLOAT","widget":{"name":"Xf"},"link":null},{"localized_name":"Yi","name":"Yi","type":"INT","widget":{"name":"Yi"},"link":null},{"localized_name":"Yf","name":"Yf","type":"FLOAT","widget":{"name":"Yf"},"link":null},{"localized_name":"isfloatX","name":"isfloatX","type":"INT","widget":{"name":"isfloatX"},"link":null},{"localized_name":"isfloatY","name":"isfloatY","type":"INT","widget":{"name":"isfloatY"},"link":null}],"outputs":[{"localized_name":"","name":"","type":"INT","slot_index":0,"links":[43,221,230,331]},{"localized_name":"","name":"","type":"INT","slot_index":1,"links":[44,222,225,332]}],"title":"Image size","properties":{"valueX":896,"valueY":1152,"minX":0,"minY":0,"maxX":2048,"maxY":2048,"stepX":128,"stepY":128,"decimalsX":0,"decimalsY":0,"snap":true,"dots":true,"frame":true,"frameAlert":0,"Node name for S&R":"mxSlider2D"},"widgets_values":[896,896,1152,1152,0,0],"color":"#432","bgcolor":"#653","shape":1},{"id":103,"type":"Fast Groups Bypasser (rgthree)","pos":[830,2020],"size":[310,82],"flags":{},"order":7,"mode":0,"inputs":[],"outputs":[{"label":" ","name":"OPT_CONNECTION","type":"*","links":null}],"title":"Optionnal fonction","properties":{"matchColors":"#696969","matchTitle":"","showNav":false,"sort":"position","customSortAlphabet":"","toggleRestriction":"default"},"color":"#2a363b","bgcolor":"#3f5159","shape":1},{"id":108,"type":"ImageResizeKJv2","pos":[-570,2300],"size":[315,242],"flags":{"collapsed":true},"order":14,"mode":0,"inputs":[{"localized_name":"image","name":"image","type":"IMAGE","link":329},{"localized_name":"width","name":"width","type":"INT","widget":{"name":"width"},"link":331},{"localized_name":"height","name":"height","type":"INT","widget":{"name":"height"},"link":332},{"localized_name":"upscale_method","name":"upscale_method","type":"COMBO","widget":{"name":"upscale_method"},"link":null},{"localized_name":"keep_proportion","name":"keep_proportion","type":"COMBO","widget":{"name":"keep_proportion"},"link":null},{"localized_name":"pad_color","name":"pad_color","type":"STRING","widget":{"name":"pad_color"},"link":null},{"localized_name":"crop_position","name":"crop_position","type":"COMBO","widget":{"name":"crop_position"},"link":null},{"localized_name":"divisible_by","name":"divisible_by","type":"INT","widget":{"name":"divisible_by"},"link":null}],"outputs":[{"localized_name":"IMAGE","name":"IMAGE","type":"IMAGE","links":[335]},{"localized_name":"width","name":"width","type":"INT","links":null},{"localized_name":"height","name":"height","type":"INT","links":null}],"properties":{"cnr_id":"comfyui-kjnodes","ver":"c3dc82108a2a86c17094107ead61d63f8c76200e","Node name for S&R":"ImageResizeKJv2","aux_id":"kijai/ComfyUI-KJNodes"},"widgets_values":[512,512,"nearest-exact","stretch","0, 0, 0","center",2],"color":"#222","bgcolor":"#000","shape":1},{"id":111,"type":"LoadImage","pos":[-540,1470],"size":[440,326],"flags":{},"order":8,"mode":0,"inputs":[{"localized_name":"image","name":"image","type":"COMBO","widget":{"name":"image"},"link":null},{"localized_name":"choose file to upload","name":"upload","type":"IMAGEUPLOAD","widget":{"name":"upload"},"link":null}],"outputs":[{"label":" ","localized_name":"IMAGE","name":"IMAGE","type":"IMAGE","links":[329]},{"label":" ","localized_name":"MASK","name":"MASK","type":"MASK","links":null}],"properties":{"cnr_id":"comfy-core","ver":"0.3.30","Node name for S&R":"LoadImage"},"widgets_values":["rgthree.compare._temp_pmpog_00032_.png","image"],"color":"#432","bgcolor":"#653","shape":1},{"id":97,"type":"PreviewImage","pos":[-540,1830],"size":[440,270],"flags":{},"order":20,"mode":0,"inputs":[{"localized_name":"images","name":"images","type":"IMAGE","link":336}],"outputs":[],"properties":{"cnr_id":"comfy-core","ver":"0.3.30","Node name for S&R":"PreviewImage"},"widgets_values":[],"color":"#332922","bgcolor":"#593930","shape":1},{"id":78,"type":"CLIPTextEncode","pos":[-770,2250],"size":[288.6833801269531,88],"flags":{"collapsed":true},"order":19,"mode":0,"inputs":[{"localized_name":"clip","name":"clip","type":"CLIP","link":251},{"localized_name":"text","name":"text","type":"STRING","widget":{"name":"text"},"link":262}],"outputs":[{"localized_name":"CONDITIONING","name":"CONDITIONING","type":"CONDITIONING","slot_index":0,"links":[256,341,343]}],"title":"Text Encode","properties":{"cnr_id":"comfy-core","ver":"0.3.29","Node name for S&R":"CLIPTextEncode"},"widgets_values":["beautiful scenery nature glass bottle landscape, , purple galaxy bottle,"],"color":"#222","bgcolor":"#000","shape":1},{"id":80,"type":"ConditioningZeroOut","pos":[-784.6333618164062,2317.32470703125],"size":[234.96063232421875,26],"flags":{"collapsed":true},"order":22,"mode":0,"inputs":[{"localized_name":"conditioning","name":"conditioning","type":"CONDITIONING","link":343}],"outputs":[{"localized_name":"CONDITIONING","name":"CONDITIONING","type":"CONDITIONING","slot_index":0,"links":[257,340]}],"properties":{"cnr_id":"comfy-core","ver":"0.3.29","Node name for S&R":"ConditioningZeroOut"},"widgets_values":[],"color":"#222","bgcolor":"#000","shape":1},{"id":79,"type":"FluxGuidance","pos":[-370,2250],"size":[317.4000244140625,58],"flags":{"collapsed":true},"order":27,"mode":0,"inputs":[{"localized_name":"conditioning","name":"conditioning","type":"CONDITIONING","link":342},{"localized_name":"guidance","name":"guidance","type":"FLOAT","widget":{"name":"guidance"},"link":316}],"outputs":[{"localized_name":"CONDITIONING","name":"CONDITIONING","type":"CONDITIONING","slot_index":0,"links":[244]}],"properties":{"cnr_id":"comfy-core","ver":"0.3.29","Node name for S&R":"FluxGuidance"},"widgets_values":[3.5],"color":"#222","bgcolor":"#000","shape":1},{"id":59,"type":"BasicScheduler","pos":[-760,1530],"size":[210,110],"flags":{},"order":23,"mode":0,"inputs":[{"label":" ","localized_name":"model","name":"model","type":"MODEL","link":279},{"localized_name":"scheduler","name":"scheduler","type":"COMBO","widget":{"name":"scheduler"},"link":null},{"localized_name":"steps","name":"steps","type":"INT","widget":{"name":"steps"},"link":null},{"localized_name":"denoise","name":"denoise","type":"FLOAT","widget":{"name":"denoise"},"link":null}],"outputs":[{"label":" ","localized_name":"SIGMAS","name":"SIGMAS","type":"SIGMAS","slot_index":0,"links":[181,269,318]}],"title":"Scheduler","properties":{"cnr_id":"comfy-core","ver":"0.3.29","Node name for S&R":"BasicScheduler"},"widgets_values":["beta",30,1],"color":"#432","bgcolor":"#653","shape":1},{"id":107,"type":"InstructPixToPixConditioning","pos":[-370,2300],"size":[352.79998779296875,86],"flags":{"collapsed":true},"order":24,"mode":0,"inputs":[{"localized_name":"positive","name":"positive","type":"CONDITIONING","link":341},{"localized_name":"negative","name":"negative","type":"CONDITIONING","link":340},{"localized_name":"vae","name":"vae","type":"VAE","link":344},{"localized_name":"pixels","name":"pixels","type":"IMAGE","link":338}],"outputs":[{"localized_name":"positive","name":"positive","type":"CONDITIONING","slot_index":0,"links":[342]},{"localized_name":"negative","name":"negative","type":"CONDITIONING","slot_index":1,"links":[]},{"localized_name":"latent","name":"latent","type":"LATENT","slot_index":2,"links":[345]}],"title":"PixToPixConditioning","properties":{"cnr_id":"comfy-core","ver":"0.3.30","Node name for S&R":"InstructPixToPixConditioning"},"widgets_values":[],"color":"#222","bgcolor":"#000","shape":1},{"id":95,"type":"Canny","pos":[-570,2250],"size":[210,90],"flags":{"collapsed":true},"order":17,"mode":0,"inputs":[{"localized_name":"image","name":"image","type":"IMAGE","link":335},{"localized_name":"low_threshold","name":"low_threshold","type":"FLOAT","widget":{"name":"low_threshold"},"link":null},{"localized_name":"high_threshold","name":"high_threshold","type":"FLOAT","widget":{"name":"high_threshold"},"link":null}],"outputs":[{"localized_name":"IMAGE","name":"IMAGE","type":"IMAGE","slot_index":0,"links":[336,338]}],"properties":{"cnr_id":"comfy-core","ver":"0.3.30","Node name for S&R":"Canny"},"widgets_values":[0.15,0.3],"color":"#222","bgcolor":"#000","shape":1},{"id":13,"type":"VAELoader","pos":[-540,1370],"size":[440,60],"flags":{},"order":9,"mode":0,"inputs":[{"localized_name":"vae_name","name":"vae_name","type":"COMBO","widget":{"name":"vae_name"},"link":null}],"outputs":[{"label":" ","localized_name":"VAE","name":"VAE","type":"VAE","slot_index":0,"links":[276,277,344]}],"title":"VAE","properties":{"cnr_id":"comfy-core","ver":"0.3.29","Node name for S&R":"VAELoader"},"widgets_values":["ae.safetensors"],"color":"#223","bgcolor":"#335","shape":1},{"id":121,"type":"UNETLoader","pos":[-540,1270],"size":[440,82],"flags":{},"order":10,"mode":0,"inputs":[{"localized_name":"unet_name","name":"unet_name","type":"COMBO","widget":{"name":"unet_name"},"link":null},{"localized_name":"weight_dtype","name":"weight_dtype","type":"COMBO","widget":{"name":"weight_dtype"},"link":null}],"outputs":[{"localized_name":"MODEL","name":"MODEL","type":"MODEL","links":[346,347]}],"title":"Model","properties":{"cnr_id":"comfy-core","ver":"0.3.30","Node name for S&R":"UNETLoader"},"widgets_values":["flux1-canny-dev-fp8.safetensors","default"],"color":"#223","bgcolor":"#335","shape":1},{"id":122,"type":"DualCLIPLoader","pos":[-90,1270],"size":[440,160],"flags":{},"order":11,"mode":0,"inputs":[{"localized_name":"clip_name1","name":"clip_name1","type":"COMBO","widget":{"name":"clip_name1"},"link":null},{"localized_name":"clip_name2","name":"clip_name2","type":"COMBO","widget":{"name":"clip_name2"},"link":null},{"localized_name":"type","name":"type","type":"COMBO","widget":{"name":"type"},"link":null},{"localized_name":"device","name":"device","shape":7,"type":"COMBO","widget":{"name":"device"},"link":null}],"outputs":[{"localized_name":"CLIP","name":"CLIP","type":"CLIP","links":[348]}],"title":"CLIP","properties":{"cnr_id":"comfy-core","ver":"0.3.30","Node name for S&R":"DualCLIPLoader"},"widgets_values":["clip_l.safetensors","t5xxl_fp8_e4m3fn.safetensors","flux","default"],"color":"#223","bgcolor":"#335","shape":1}],"links":[[27,25,0,22,5,"FLOAT"],[43,32,0,22,12,"INT"],[44,32,1,22,13,"INT"],[88,52,0,22,7,"STRING"],[90,53,0,22,8,"STRING"],[105,60,0,22,6,"STRING"],[176,48,0,52,0,"*"],[178,47,0,22,11,"INT"],[181,59,0,53,0,"*"],[214,37,0,39,0,"IMAGE"],[220,38,0,37,5,"UPSCALE_MODEL"],[221,32,0,37,14,"INT"],[222,32,1,37,15,"INT"],[224,53,0,39,8,"STRING"],[225,32,1,39,13,"INT"],[226,37,0,36,1,"IMAGE"],[227,25,0,39,5,"FLOAT"],[228,47,0,39,11,"INT"],[230,32,0,39,12,"INT"],[232,60,0,39,6,"STRING"],[233,52,0,39,7,"STRING"],[240,72,0,71,0,"MODEL"],[244,79,0,81,1,"CONDITIONING"],[245,77,0,82,0,"NOISE"],[246,81,0,82,1,"GUIDER"],[251,40,1,78,0,"CLIP"],[253,48,0,82,2,"SAMPLER"],[256,78,0,37,2,"CONDITIONING"],[257,80,0,37,3,"CONDITIONING"],[258,83,0,22,0,"IMAGE"],[259,83,0,36,0,"IMAGE"],[260,83,0,37,0,"IMAGE"],[262,84,0,78,1,"STRING"],[263,84,0,22,9,"STRING"],[264,84,0,39,9,"STRING"],[265,47,0,77,0,"INT"],[269,59,0,82,3,"SIGMAS"],[276,13,0,37,4,"VAE"],[277,13,0,83,1,"VAE"],[278,71,0,81,0,"MODEL"],[279,71,0,59,0,"MODEL"],[280,71,0,37,1,"MODEL"],[282,40,0,72,0,"MODEL"],[296,82,0,83,0,"LATENT"],[316,25,0,79,1,"FLOAT"],[318,59,0,104,0,"*"],[323,55,0,37,6,"FLOAT"],[324,104,0,109,0,"STRING"],[325,109,0,110,0,"NUMBER"],[326,110,0,22,4,"INT"],[327,110,0,39,4,"INT"],[329,111,0,108,0,"IMAGE"],[331,32,0,108,1,"INT"],[332,32,1,108,2,"INT"],[335,108,0,95,0,"IMAGE"],[336,95,0,97,0,"IMAGE"],[338,95,0,107,3,"IMAGE"],[340,80,0,107,1,"CONDITIONING"],[341,78,0,107,0,"CONDITIONING"],[342,107,0,79,0,"CONDITIONING"],[343,78,0,80,0,"CONDITIONING"],[344,13,0,107,2,"VAE"],[345,107,2,82,4,"LATENT"],[346,121,0,40,0,"MODEL"],[347,121,0,60,0,"*"],[348,122,0,40,1,"CLIP"]],"groups":[{"id":1,"title":"UmeAiRT - ControlNet Canny","bounding":[-1000,1200,1810,910],"color":"#444","font_size":24,"flags":{}},{"id":2,"title":"Torch compile","bounding":[-1000,2120,160,130],"color":"#696969","font_size":24,"flags":{}},{"id":3,"title":"Upscale","bounding":[650,2120,160,140],"color":"#696969","font_size":24,"flags":{}},{"id":4,"title":"Backend","bounding":[-830,2120,1470,190],"color":"#444","font_size":24,"flags":{}},{"id":5,"title":"Metadata","bounding":[-830,2320,1470,80],"color":"#444","font_size":24,"flags":{}}],"config":{},"extra":{"ds":{"scale":0.9357663934426235,"offset":[1463.2711736795352,-1076.4287742022334]},"frontendVersion":"1.17.11","node_versions":{"comfyui-mxtoolkit":"0.9.8","comfy-core":"0.3.14","comfyui-kjnodes":"1.0.5","rgthree-comfy":"1.0.0","comfyui-image-saver":"1.4.0","comfyui_ultimatesdupscale":"ff3fdfeee03de46d4462211cffd165d27155e858","ComfyUI-GGUF":"5875c52f59baca3a9372d68c43a3775e21846fe0"},"groupNodes":{},"VHS_latentpreview":false,"VHS_latentpreviewrate":0,"VHS_MetadataImage":true,"VHS_KeepIntermediate":true},"version":0.4}